1692241,Apnapan,,1,1977,,A1515,,,,,f8b49f8c7787d789bf7453b9fcae3983
1903912,Friendly Monsters: A Monster Easter,,1,1994,,F6534,,,,,28ee9d0f0d69fe5b40f6c4402360ce08
197772,(#2.8),,7,1962,,,197751,2,8,,152b0f7213dd467760823b0d6387a6ec
2131434,Move Mountain,,1,2013,,M1535,,,,,cb9874461d03c84770206a7845e7e9bf
277271,(#1.8003),,7,2012,,,269496,1,8003,,f15f8e6b0139835a1a6dbd427de2eaa3
2057340,Le chant des oiseaux,,1,2005,,C532,,,,,143dd57e6cd8bed800c258b032cd6293
164312,(#13.60),,7,1997,,,164254,13,60,,2d7b85508041bc8b1e4b576f328727b9
1398944,"Run, Girl, Run",,7,1954,,R5264,1398813,7,8,,d1ac39605aeb6296a321c056c7d8b86d
1890416,Final Exam,,1,1987,,F5425,,,,,6833649a8ea902af9f8455cf8cc957bc
1952849,Hitler's S.S.: Portrait in Evil,,3,1985,,H3462,,,,,d1d93e0ae702396564a1a9274508510b
26975,Las Alergias,,7,2010,,A462,26857,,,,9899d108cadbc35ba656ee19b864edfa
2025602,Kooperativ Politbyuro ili budet dolgim proshchanie,,1,1992,,K1631,,,,,1eab2c5a68e3ff3b5b1c2d7eebba59dd
1006836,Icky Sticky Web,,7,2008,,I2321,1006833,1,6,,bb795f77818748a09c15542f7ddd05c3
37608,The Eye of Ra: Part 2,,7,1971,,E1616,37579,2,11,,faebb738a1a761ed8928cb4b65367036
92382,Shinkai no akuma,,7,2011,,S5252,92364,1,11,,e9f24b4c2878e2b099931fbd0dc80914
7532,"Beautiful, Married & Missing",,7,2009,,B3145,7383,,,,890adf0e8ff5ba69b8f6dc7b0dce84e7
963730,Oma ist noch besser,,2,1965,,O5235,,,,1965-????,bc5720ea2b0f356d177b7a21ca655662
2311185,StarStruck,,3,2010,,S3623,,,,,5d8c2fb88214d781cac2f96caeff7bc3
2449093,Treme Musical Performances: Long Hard Journey Home,,4,2011,,T6524,,,,,3dd00b11c6f4e5969a516a0bc415b12a
884825,(#5.139),,7,2008,,,883614,5,139,,69313f4bdd12124b03178f72f91f435b
122463,Christmas Special,,7,2006,,C6235,122400,8,11,,c848c27c04725bef4794a0178b4a6660
2471606,V myortvoy petle,,1,1962,,V5631,,,,,ddf507d4fa80eca284d447956b2b1279
2138344,My Friends Hot Mom 32,,1,2012,,M1653,,,,,f35a89b2ee7c9e44946ea7c02be341fc
1826099,Diamond Collection 39,,4,1983,,D5324,,,,,bd3bec8dadfe7d140743eb1e5f8e9576
1448692,(#1.1),,7,1979,,,1448691,1,1,,2799bbb3f08181a0c8123378f0aef3ce
1438162,Gave a Hundred,,7,2007,,G1536,1438091,5,12,,8839d4cfe7ba03db5740f54017c8f422
11566,(#1.8),,7,2012,,,11555,1,8,,ff1f7f30f7745185cc132faebf6ff616
160794,Self-Awareness as a Soldier! Strength Lies in the Pure Heart,,7,1995,,S4165,160772,1,38,,eb32612a744424c3b79a8959c48aa89b
62387,The Breaking Point/Working Class People/The Voter's Choice: Part 3,,7,1990,,B6252,62368,3,3,,8cc4d380db8007ade9ba56c1ae425a4f
2506756,World's Smallest Airport,,1,2012,,W6432,,,,,a575e8b276cc7f03d83c54a88168594e
81082,The Weight: Part 1,,7,2004,,W2316,80989,5,1,,30a18346d8c8e0c540c8f551c50da699
634630,(#2.6),,7,2011,,,634619,2,6,,85a323313e84bddb03d9b1bb391c3b46
2394364,The Misanthrope,,1,2001,,M2536,,,,,8fc81f32f03f3c2df54b6a4e6dce52ea
144818,Cousin und Cousine,,7,2002,,C2532,144806,1,21,,698d9f1c3022fcbc307ee890e82aebed
188109,Gun-Talk,,7,1956,,G5342,188095,2,15,,0562f67fc2f5faf224b877abecbf0258
2468454,"Untitled (Thanks, Get in...)",,1,2008,,U5343,,,,,f1580c5a8b3148e6e658ac5f3047aeca
1046544,Bugging Out,,7,2011,,B2523,1046540,1,7,,bc283a0d7386ebfbabe9f5cb0ca30372
116833,Halve Finale #1,,7,2009,,H4154,116831,1,1,,82fec9563ad32c9451c2a17c47179a12
2282045,Shift,,4,2007,,S13,,,,,81f50bfbbf8cb33dbc9d7ed7957e26c2
1600883,(2011-02-18),,7,2011,,,1600758,,,,c5a8131e1c6fd9bc1f1ae4baf21bf363
33079,Cloned Puppies: A New Generation of 'Trakrs',,7,2009,,C4531,32442,,,,e13740a30a18f2fadd9b0883acf2129f
2116362,Mia apithani krouaziera,,4,1986,,M1352,,,,,3119d33ea73c4271da6835a2a8525f23
1164023,Imagination,,7,1999,,I5253,1163997,2,33,,c049d7c96bada98b033cf6038142175b
273274,(#1.4403),,7,,,,269496,1,4403,,6d98e27490cfb574a1ddda1b26aa140d
20232,Baby Manning,,7,1998,,B152,20037,,,,825389d4e35f378f950238020942782e
2482174,Vlak u snijegu,,1,1976,,V4252,,,,,f35e454e2e26d918f267671cba5d7972
1520973,Vecchi cuori solitari,,7,1999,,V2624,1520783,1,41,,3faa532092079c669e4470870f909207
736899,La cittadella,,2,1964,,C34,,,,1964-????,4f93b5dd2757b4bab5c879c857ecfcdf
95727,Érase un negocio,,7,2004,,R252,95690,2,3,,52e5bc0c77f0b064ff11cd7c721076d7
943097,Sasuke 4: Part 2,,7,2007,,S2163,943012,,,,7f09c99a7ad2cb8276f8b4572141aad3
2505642,Wonderful World,,1,1998,,W5361,,,,,b2ba1e814a828911cbf7cb14aea8cbde
2443385,Topless Ties,,4,2002,,T1423,,,,,d6c1c004daffa995400b96ddf2b8f318
1882215,Falstaff,,3,2001,,F4231,,,,,1649a33b093d7a638794db549c7c907d
101193,Squeeze Rockin' Freak Painting or Pumpkin Pies Plymptoon,,7,2006,,S2625,101172,2,1,,cf30dbefb48c6a3de8c9797a1e498dd5
1365618,(#1.1),,7,2009,,,1365617,1,1,,59e16f71333b7c8b561ed64ab4137513
183966,Boys and Girls Together Again,,7,1992,,B2532,183962,1,15,,201d7f0dddc87b03dd164bd40fd488a3
1642319,55,,1,2009,,,,,,,76c6f677dc3c8b1d1f4a760453235b92
1921407,Go Stand Speak: The Forgotten Power of the Public Proclamation of the Gospel,,1,2010,,G2353,,,,,e4ee91767694c76c548b44a7b3fa23c2
1560387,Ang bagong car ni Carl,,7,2011,,B2526,1560382,1,33,,af9768f6389d14aa5707ae74f9df4ce6
168637,The Entertainer,,7,1993,,E5363,168611,1,23,,7643c6f1545f8e70f2baf95fca2394c2
111657,(2011-05-13),,7,2011,,,111095,,,,e05b4fd49ed26a97d8d7b2cbd7e68bd3
6507,Lunch Hour,,7,2009,,L526,6438,2,4,,09ae8e22be7f59235d4fbdca3a63e0bc
26155,Tim Burton,,7,2012,,T5163,26109,,,,f36dba18c95057442419edc182f73dc8
106269,(#2.20),,7,2011,,,106217,2,20,,ec936da7d162a5a75b10f0c6ab412be3
2097946,Mal de Chagas,,1,1974,,M432,,,,,72324c798f3fb5ec2939408802b7f99f
743971,(2005-09-25),,7,2005,,,743848,,,,090d0a393f0a6166d6f72ea90612270c
95087,(2003-04-28),,7,2003,,,94664,,,,947ebbf4fd84cad212516083c8399387
1756556,Cambazhane gülü,,1,1971,,C5125,,,,,7a84efbc3d125299920ffeaf904b1002
139677,Bedroom Buddies,,2,1992,,B3651,,,,1992-????,60e631f4a29c899017073ed4ef92c4d0
2306862,Split,II,1,2006,,S143,,,,,b0f39a5c30249aaa69ff35c4cd3ac68e
1142957,The Adventures of Little Big Bird: Part 1,,7,2005,,A3153,1142579,36,25,,9b531025d1810e5b0820176e9c2ca545
708999,(#22.1),,7,2001,,,708960,22,1,,a5e79a65a20bc0008882155e70e4b222
1479188,(1979-11-13),,7,1979,,,1478911,,,,6f6ca82503eb43bde4c590c09551d317
2428167,The Words in the Margins,,1,2012,,W6325,,,,,569eaa719c1857e5bf72283fa7c23e1f
377830,Don't Look Now,,2,1950,,D5342,,,,1950-????,549735d81ddff26114a9f18dd60e7078
859833,(#4.28),,7,2010,,,859726,4,28,,8988ffb7be000fa66ae54d3e95b078b9
15437,(#19.6),,7,2011,,,15336,19,6,,a9fe52e9c0093fdfb01fac39a43356ec
34714,Send Her Victorious,,7,1989,,S5361,34706,1,5,,b7d2fb4f4d636b3c3de9141a7334973a
2313928,Stocking Tease,I,4,2003,,S3252,,,,,f6f6f3ec52a8fcec87c1f0bf23e5cd84
1885892,Fear Not,,1,1917,,F653,,,,,2124fac73aca2dfcf1279c610c6d506c
855274,(2012-03-18),,7,2012,,,854912,,,,43699473505ae3b9ab84946c49fba90e
501343,Tuvalu: That Sinking Feeling,,7,2005,,T1432,501162,,,,e1e9c42abd21e8ac5513bcf9cf29ba47
1192756,(#2.9),,7,1997,,,1192730,2,9,,0814e48e48657b30a48378c8fb3c78a7
130053,Count Me In!,,7,1999,,C535,129983,6,8,,5bdba846c128356c914f64da58429bc6
32704,(2012-05-22),,7,2012,,,32442,,,,a04733c180a683bb2195ccf52cf9568b
2255318,Rückfahrt in den Tod,,3,1986,,R2163,,,,,98d853c3480cc1a7a36781dd50ddf0bf
1228907,(Kats Eye News) A Special Report,,7,1994,,K3252,1228906,2,11,,ac401c3e75f899fcbb9722291c813cd3
169030,The Visit to Aunt Ruth's,,7,1990,,V2353,168958,1,1,,8761c8e29cb11ad3ba6176ddc9544d89
4477,Silenci,,7,2009,,S452,4457,2,6,,a72742ad15bc4ed1fc48e39db32ce71b
109242,(2000-06-13),,7,2000,,,108733,,,,40c9b53898160d2d5dd777c5de62c4c3
28820,(1996-02-12),,7,1996,,,28531,,,,5d209e19cbb6cd5e2a169a506a9769d8
1653457,A Montana Love Story,,1,1911,,M5354,,,,,39f1c63b58750e146cd6819f6fad6b99
38282,(2008-07-15),,7,2008,,,38084,,,,5527873c0ecfb3af31fa65f2becf4ec9
808142,(2002-09-05),,7,2002,,,806955,,,,47c0474a76e5a6e0bcbf0c3bb633cd40
1488696,(1964-12-31),,7,1964,,,1488641,,,,a5c6ee9d370303db82272d38ca7183ce
1535205,(#1.77),,7,2009,,,1535094,1,77,,35383c75ebba08b081a26e7fb53ce5b3
2527941,The Prom,,7,,,P65,2528072,2,22,,83aaff069905c7652bccfac91246a972
115268,The Boy Next Door,,7,2008,,B5236,114979,13,18,,2da5276828def251a95a367c5a74359a
1131930,Scrolls of Eternia,,2,2011,,S2642,,,,2011-????,60b3b21c3ec3623718dcb96116c54835
2034786,L'oro del mondo,,1,1968,,O6345,,,,,89cb3e8f599068bae411aeb95ed44990
1898748,Forever Night,,4,1998,,F6165,,,,,79c0d0957c35996f0f1262f2fdc1d6a4
128694,(2002-02-15),,7,2002,,,128673,,,,59d560f9e0c9b92eef0ae0264f905923
846049,(2011-02-18),,7,2011,,,845972,,,,2ccbd9ca17face0cffe70fbaa670fdaa
41947,The Man Who Loves Snakes,,7,1962,,M5412,41937,,,,74f013f4c6e7a0cb396cd5371bf0279f
547222,O Moço Loiro,,7,1953,,M46,546967,3,29,,670a252ff6aa7d6475662292829cbc38
18852,Nothing Says Lovin' Like Something from the Oven,,7,2007,,N3524,18706,11,20,,44d2319231285d48225ae187128431af
1234625,A büvös virág,,7,1976,,B1216,1234624,1,7,,682e9c39e3e53826f889f446b3bb2292
1318295,The Three Musketeers,,7,2012,,T6523,1318290,1,2,,f6f48f1ed26b4e98c13fb0c1c94a6dea
97163,Is It Normal to Have Looked for Love Online?,,7,2012,,I2356,97158,,,,31ea0320e2d02c3d161b46e2d1cf6f38
581678,La familia Gahu,,7,1966,,F542,581675,,,,202c6d1ba49e8b1ffbcc213b99c65639
189813,Buniyaad,,2,1987,,B53,,,,1987-1988,397741a58f417fe27adde10e7ad0349b
1409325,A Trip to Czardis,,7,1960,,T6132,1409321,1,1,,4c34a6c639aaa16a15d2446c70acfb30
130459,Barrier Reef,,2,1971,,B61,,,,1971-1972,d97e11447eef450fc60dd94b72b278ba
141140,Adini Vermek Istemeyen Dinleyici,,7,2011,,A3516,141138,1,27,,62c165ad2cb46ad8896daca0ef828c1a
2064757,Legend of the Oriental Love Motel!,,4,2007,,L2531,,,,,a378281e06e9129255b9edb103f4e707
1932321,Gyurkovics fiúk,,1,1941,,G6212,,,,,453965abd1cb5d24618cf8391a6df05e
131665,College Bass 3: Carhartt,,7,2012,,C4212,131651,,,,8b19757d8ed9610e31282b6ba712255e
999568,(2012-09-20),,7,2012,,,997047,,,,291c329b99a53123177e917a5810c737
1855384,Ein Jagdausflug nach Berlin,,1,1917,,J2321,,,,,ee5d1012c4ba3a5be7a5682d56eea716
46397,(2004-08-07),,7,2004,,,46022,,,,4e68c7593e0f1569aba33f936b6d02bf
110274,Tsutomu no shi,,7,1970,,T2352,110180,1,53,,730183eca8ecd2d421924f58ff86c01a
867596,(#1.1),,7,1951,,,867595,1,1,,f5573c75abc449db302c69f7b17bdc0c
1033605,Plutarco despedirá a Rebeca,,7,2012,,P4362,1033480,1,148,,ceb45bf3a8d6d010092bc3b41ebf4572
1942910,Heavy Villains,,1,1915,,H1452,,,,,5699dccba97d23c45239e6bba6115b5c
669906,The Outlaw,,7,1958,,O34,669883,1,9,,b5cdc32122c60f99305872a50e0c1a1a
2283118,Shiro to kuro,,1,1963,,S6326,,,,,23fff234609e92f018de11daa62d1e3c
278477,Couch Potatoes,,2,1989,,C2132,,,,1989-????,12d9326e87abc25f7f84ba7a64d096d9
85684,Livet på en pinne,,7,1996,,L1315,85670,1,9,,a36ee7756fce61386d8c431293a2c862
180390,(2011-08-01),,7,2011,,,178599,,,,b647672e76711ac23827f5ca3b281a42
2418009,The Sweeney,,1,2012,,S5,,,,,4973a1163a4ceaac8023b46f73c1e237
1472937,Tiovivo,,2,1960,,T1,,,,1960-????,579e60a5f503cb4e077d6f6bc314289a
153397,(2010-08-08),,7,2010,,,153265,,,,f3b15b1260a0777427d08d7d753e3190
90397,(2006-01-12),,7,2006,,,87087,,,,27c9c9316f2e4f5061841cdc61dd6440
175856,Pretty in Pink,,7,2009,,P6351,175829,2,13,,97d4a3b60f9249002bda238e5a4e4932
59974,Friday Night Bites,,7,2011,,F6352,59970,1,4,,e8466a835d2e103c64323e19f1bc0d1f
2325443,Swargam,,1,1987,,S625,,,,,75d09f663807534b21accc5852b0db8e
133508,Dazed,,7,2012,,D23,133491,22,4,,a9eb72f5e89877b268c32e6813d742e0
2490108,We Are Not Alone,,1,1939,,W6534,,,,,9b6b2642b39bc3adae6b95b96217c9de
116111,Avatar Day,,7,2006,,A1363,116109,2,5,,b2b7641f916f4469571f916b3f730023
319766,(#1.1197),,7,1970,,,317585,1,1197,,ab72aca371542209c582ddd7d4b7e4b2
91401,Chichester Cathedral,,7,,,C2362,91279,25,8,,4ba947ffa3b73881aeec4c5bd3971173
39564,ActorsE Chat: Candace Kita/Joe Sabatino,,7,2010,,A2362,39009,2,101,,25ae0ce3d2afbca40fe1be4674a29ef1
167777,Beep Beep,,7,2010,,B1,167764,4,21,,10cd1b04b570bb70c029e896b40058f6
1347187,(#2.4),,7,,,,1347178,2,4,,d343841221beea1105b488a81e2652d5
1713583,Bareback Twink Street 2,,4,2005,,B6123,,,,,bb248a3e07f9ff4d2f717f73ab7a8a1d
1477127,(#10.11),,7,1956,,,1477112,10,11,,f910ab0343e21dbee18a77fb514f74e7
1611079,Nutrition,,7,1981,,N3635,1610982,2,12,,e9942abdb50eacb594ee7f00983071e1
1786887,Conquistador,,1,2005,,C5236,,,,,f860d7ab72723cfb5672b75b2e40f582
899591,(#1.2),,7,2012,,,899589,1,2,,6206e4aec4c4cf64f2e22f1562c870c1
88093,(1998-06-22),,7,1998,,,87087,,,,73532ca18b3fc2470eeb679910024e54
642494,"Sex, Lies and Sonograms",,7,2005,,S2425,642486,1,5,,2437ca4f6959598936365542e17795a7
2355684,The Cheater Reformed,,1,1921,,C3616,,,,,d1c99f6ea409a577d49669b9b28b8f76
188427,Alan Page,,7,2011,,A4512,188426,,,,2f41638f1bc2b0f05a4a5429c3e89805
1641260,4 x 6,,1,2008,,X,,,,,d1c9bbfe952b10d044a8abbf88cb6ca5
2290873,Sitiados,,1,2006,,S32,,,,,03acd7ab019ba3fa199e8e1d022961f3
2031488,L'amore non esiste,,1,2008,,A5652,,,,,b470f6a386d1a825ebdeaa19bfc9a897
1457640,The Rivals,,7,1988,,R142,1457615,3,4,,925f7a9cf3fbac991761666436a78f46
2265842,Scheinheilig,,1,2004,,S2542,,,,,23bf26e6c52e63147da5789354a6de64
2266855,Schwarze Seide,,3,1958,,S2623,,,,,de7ee0782cb05a0e40a9667c603e2379
829246,Raimuraito,,7,2001,,R563,829223,1,9,,1ae423b60d75106c5cc95baab03eb249
2166854,O thermopliktos kolossos tis Armex,,4,1987,,T6514,,,,,3af1444b9d6e3e552567f3d8b4df658b
1046711,Gretchen Wilson,,7,,,G6325,1046706,1,2,,3f71e14b164a3e5b3158e2ff80f3807f
1975788,Il ponte delle streghe,,1,1909,,P5342,,,,,f126b6a574c7b8a47c82393cd21372ac
182471,Missionary's Baby,,7,2005,,M2562,182425,1,32,,c6165f71020efb766d6eac146582af8a
11862,Mein fernes Kind - 33 Jahre Schuld und Sehnsucht,,7,2005,,M5165,11752,,,,792368cf81524a9578dc09e740ab9927
142425,Bellator Fighting Championships 58,,7,2011,,B4361,142372,5,10,,859d85367a18aef3d4b969c50869c122
773660,Super Hero,,7,2011,,S16,773642,2,9,,bebe20f2c877d09850aed545e18ea749
1578351,California Coast 3,,7,2010,,C4165,1575520,27,133,,07adad5adef6bcc7819c0aef97eae796
827725,(#1.12),,7,2009,,,827721,1,12,,ce3f52ac941ee8f0f175bb64c9324733
26054,Dead Family Robinson,,7,2004,,D3154,26051,1,11,,d7f6a3bab90588e63fffb133a4f91965
1682763,Amours d'automne,,1,1962,,A5623,,,,,09e46339d3cec26263abcae99924af88
1421231,Howling 2: Stirba Werewolf Bitch,,7,2010,,H4523,1421184,3,18,,c0fd03ea7d40f398cc7b2fcefad70de3
1855302,Ein gewisses Zimmer,,1,2012,,G256,,,,,55d2a562b463b1069b935d61d5bb30b2
1946606,Here I Am,,1,2010,,H65,,,,,cd7d76c42d7adb16b5dfcb8912de73b4
56392,(#1.10616),,7,2011,,,55774,1,10616,,63f9ad5f55a240f136fa1cc0b9f2972b
135231,Waters of the Moon,,7,1968,,W3621,135113,4,4,,ae07995d3cb749f7b8cc6bef16480995
1212903,(#1.1),,7,2011,,,1212902,1,1,,e134aa4c7b9d0fc856b4d46f03273319
1617710,Courage Is a Gun,,7,1956,,C625,1617688,1,11,,c4c3feac99b496e45a1fabe7e8ffeacf
35331,Acampamento de Férias 3,,2,2012,,A2515,,,,2012-????,79a83fe17f133212574e3748db635d59
25634,Seared Pork Tenderloin,,7,2007,,S6316,25600,1,8,,b84a5784d74c0471dc8350b2324c6222
1748802,Bubba Nosferatu: Curse of the She-Vampires,,1,,,B1521,,,,,9091804d8db7cff98a433ea12c4f084e
186098,(#1.12),,7,1994,,,186094,1,12,,7747e386416856b04b17ae027b8e5e3d
1459780,Hitman,,7,,,H35,1459778,1,4,,7c3f3985f9749b20edde0a4aab14b6da
1234471,Shanghai ni tatsu,,7,2006,,S5253,1234454,1,5,,3a59a9274b0a791cec6205f36d197dbf
2508739,Xavier,,1,2004,,X16,,,,,40780df2eb6e7d03619b7429ce32b408
891833,The Firebrand,,7,1965,,F6165,891789,2,28,,db984b370a38f2602e91a0608ce4602e
216102,(1990-12-07),,7,1990,,,216059,,,,b868afbdc07e99fed283a6a77013d1ba
176398,The Category of Happiness,,7,2000,,C3261,176388,1,9,,db0f59dd720e90e8989fb65d861f8a55
423589,El vértigo de la libertad,,2,1999,,V6323,,,,1999-????,11c5c68085a4db8f477845fd40474d8f
658786,Miracle Awakening,,7,,,M6242,658680,6,64,,efce7ffc4330c515ff69a81baa0eab45
107962,American History: Marching Into the Future,,7,2007,,A5625,107959,,,,cc2d14f437d4834bd87bb7d31cd3ad60
2293763,Sleight of Hand,,1,1997,,S4231,,,,,6937c458933e649a25fa55c59f01864e
195884,(2010-06-06),,7,2010,,,195563,,,,869f597060163b478dfc7bf52aaa1b09
146923,(#2.9),,7,2008,,,146843,2,9,,d6fa2b1d6e444acae7e67c913be9990e
1388926,(#1.5),,7,,,,1388904,1,5,,eafaee91996c120d5cd54dc33a278f8b
127770,Jak si uzít cirkus,,7,2003,,J2326,127611,,,,82ed54ba5995de3fa548902130f006ea
64634,(1979-05-26),,7,1979,,,64592,,,,f3f13935ab40412d8e72ff96395a4148
1114479,Mu no kyofu! Me o aketa Shaka,,7,1987,,M5215,1114405,1,57,,6a23773ad33eb0d2e5f235c6dfc53b85
86257,The Legend of the Bad Fish,,7,1988,,L2531,86247,1,5,,05ab7ded02e9efd4ac8e0ba7c4d75ed9
398389,(1993-10-07),,7,1993,,,397677,,,,f8dea6938e6a6c5642e82dd61a9e2458
352058,Zwei Pistolen,,7,1964,,Z1234,352036,2,2,,cdc09a00234227d7ae8a867cabb590f7
2202468,Pierwszy chrzescijanin,,1,1993,,P6262,,,,,25c71afd3a238823bb33a179122a522b
2491004,Wedad,,1,1936,,W3,,,,,6a10f58b697af53ea58d2da713944b77
1291454,(#1.3554),,7,2001,,,1289444,1,3554,,39fe47b3b4510fff89a7ffa39bbe6746
1883297,Fantasmas en Buenos Aires,,1,1942,,F5325,,,,,2f8922791da2fbdf9cd0c543b657ae8e
1750343,Bullet Hearts,,3,1996,,B4363,,,,,f7404f5c40dd8e0dc6bc54775cff79fb
2364045,The Dream Comes True,,1,2010,,D6525,,,,,c8167a4323d7a6c9a7eeb37785592c18
1497610,Mlha prede mnou,,7,2007,,M4163,1497606,,,,06be1625d2aece9a2aaa9adf80d74e44
896039,Not Necessarily the Babies,,7,1989,,N3526,895983,6,5,,0c9f54a5abc10b87b47bbd60817e8b45
40307,Jail,,7,2011,,J4,40242,1,20,,8d4ed0548e9531f1cfb5d1be86da07c6
1477710,(#21.8),,7,1967,,,1477112,21,8,,782cfecd747dce1f01c03b9ee40ed61c
105022,(2000-06-21),,7,2000,,,103385,,,,4bc87cdf371646b888e5ee2ca827374d
503548,Thora Hird,,7,1999,,T63,503539,3,2,,7364674512e0be1e17c1dfbb5e833c3e
68161,Operation Homecoming: Writing the Wartime Experience,,7,2007,,O1635,68151,1,3,,a1b7d00a2725df540c61cd761cbca62d
1926989,Grandpuits & petites victoires,,1,2011,,G6531,,,,,1fd48658f50dac35aa63f1459d131448
1826790,Dick Tracy,,1,1945,,D2362,,,,,7c3e3b4bb8f4db1383102cf980c7ad3d
136167,Prudential World Cup 1979 Final: England vs West Indies,,7,1979,,P6353,136152,,,,049d0d431f2167df20bc670c8b7aa1d8
1146918,(#1.2),,7,2004,,,1146916,1,2,,856931ff39bfa910c5490cf9776152cd
56273,(#1.10497),,7,2010,,,55774,1,10497,,6c1652b974786b75ac1d177224bd4cf7
1675613,All I Need,,1,2012,,A453,,,,,a0d46c5d164a4f56bae694a572ffbbc4
1335265,No Country for Old Men,,7,2011,,N2536,1335262,1,4,,667d2baf8e307cac4d96f433fab5bbab
974383,Yume no owari,,7,2005,,Y56,974332,1,49,,2a5ed7affd5576270e30a50eaeef7f84
12792,Benjamin Dalatu,,7,2011,,B5253,12781,3,6,,96bd3d34d48c1d8d786a7ba9c76abd09
185582,Snoop Returns,,7,2009,,S5163,185571,1,10,,41076f66dadb944d8ec1fcefdf8c5a74
3083,1001 gece,,2,2006,,G2,,,,2006-????,6ab41cfa8b16d0f93564b2d5b2e13ae8
89986,(2004-05-14),,7,2004,,,87087,,,,fbb4921d70c631c98e10304ad8aafe2b
2125168,Mohini Rugmangada,,1,1962,,M5625,,,,,e0ab84ab5cab2a9a52aa9d8b7eec8c1a
28606,(1995-03-16),,7,1995,,,28531,,,,ace0fcf06aa2d0f1010c1f72f5693975
568818,Border Incident,,7,1969,,B6365,568811,4,1,,a0243004abbf76fd1fe63bff214b4959
1790025,Cotton Club Steppers,,1,1932,,C3524,,,,,579c697aa87416a4a181471447f8849a
1151032,(#1.1),,7,2002,,,1151031,1,1,,bd8d7bb891ed29d6842c33e9fc55dc20
192415,Carmen et moi,,7,2006,,C6535,192412,2,24,,9024bd34cd9098be3a38d14c80cd75fc
120967,Baby an Bord,,2,1997,,B1516,,,,1997-????,16626eccf783882bc72b59a6df77c73c
148188,"Coming Out, Getting Out, Going Out",,7,1996,,C5232,148136,6,24,,4d23dabcf24ecb7cf161dcfcec885db4
51835,Game On,,7,2013,,G5,51833,1,1,,5aca549f251c214fd6c15bddf3b7d631
98872,De familie Terlaet,,7,1982,,F5436,98870,1,1,,35e29846d364d9ff280e20ee0feea322
589267,(2002-02-14),,7,2002,,,588811,,,,62ae47587c188285f866132b618d1d2e
650593,Chantal Sutherland/Chelokee/Jorge Periban,,7,2009,,C5342,650581,3,3,,adac5eb99958f48725a3f4f67e95bc23
98484,Mug's Game,,7,1964,,M25,98326,4,97,,549ed0914abacf25646d6ba6338028cd
1282397,(#2.4),,7,2007,,,1282362,2,4,,936f31c7ab3b7ad5e9693f2c1427e78e
126494,(#22.22),,7,1979,,,126283,22,22,,482bff6c61206c18461d31d31bbfdd71
2723,1941 - Das 'Unternehmen Barbarossa',,7,1999,,D2536,2685,5,3,,57e791cd28bc44072c5c27f2c4726286
52224,Make Me Not a Witch,,7,1959,,M2532,52196,2,14,,1ea62d3a88de3f373cb192589e739317
1841414,"Dora, la jugadora",,1,2007,,D6423,,,,,1e498f037ac0f42a9546916e3a740747
1376530,Water,,7,2004,,W36,1376517,1,4,,927df19b5da58142528431f3ffbe58c6
812698,(2007-08-02),,7,2007,,,812607,,,,6efb71705ee7665ff88a7baeba859712
197085,Dogtown,,7,2009,,D235,197071,3,10,,57aa0c4081a0cd5d76f4f8206ea79b7c
1505047,Tsygan,,2,1979,,T25,,,,1979-????,adb92934ea4776cc9664978902dd85e5
81462,Happy Anniversary,,7,2001,,H1516,81426,2,13,,185f0778cdd6c830300e7b99790e1b3d
114155,Lynyrd Skynyrd,,7,2000,,L5632,113993,25,6,,edbd17769d459038afafa601d6daad6b
130,"Brussles, Belgium",,7,2003,,B6242,118,1,26,,3a61603b7067ab149c954115ed4c4014
630482,(#2.4),,7,,,,630463,2,4,,e658295784226ec5e2e6f8711ec993ec
2465590,Une affaire de femmes,,1,1988,,U5163,,,,,89fad1e889e36bf997fdfecca947380f
2522015,Zvonar katedrale,,1,2005,,Z1562,,,,,95a37334ac50ae3ad8b22f79a6190da5
1927284,Grave Tales,,1,2004,,G6134,,,,,e26eb0cfb32c5140395e22f3a67212eb
722212,(#1.2),,7,2008,,,722210,1,2,,408d8a6edbd15435fb1c25505db61c40
1789710,Cosmic Monsters,,6,1979,,C2525,,,,,e5349729d419e44cdd79fdbd2819d09b
118851,(#1.909),,7,,,,117506,1,909,,62fe0ba224f4239157f99f409c29761a
69421,(#18.9),,7,2007,,,69220,18,9,,c17f17d5dbfa74b3f534edbd1f834698
2022103,Kitchen Table,,1,2010,,K3253,,,,,5e434d93e782a69c734b89936b8219c0
179243,(2007-10-09),,7,2007,,,178599,,,,7943156eeb938e450ccedeeb30c3e9df
985433,Pageant Girls,,2,2011,,P2532,,,,2011-????,15ee9cb90fcdb3ce46a97c5e51961394
892869,Musicians and Producers,,7,2010,,M2525,892813,,,,c69bedb6af5a206d614048ce9580d730
2385721,The Leaf Woman and the Centuar,,4,2011,,L1532,,,,,320ce02280f9ec5236593cb2d9b0de09
1953119,Hivernam,,1,2002,,H165,,,,,8d5d2456a61991aa3395d6fc7dd61174
1338367,Garve,,7,1963,,G61,1338359,1,5,,f8669fb5a1e095e732ec650348936436
2211061,Popular Science,I,1,1943,,P1462,,,,,6df074c56f5905f110b108120767f051
35391,Killer in a Rose Colored Mask,,7,1961,,K4656,35385,1,2,,d43e4097a90cf81d3bf497bc495a35a0
1268153,Nia Vardalos,,7,2011,,N1634,1268145,1,9,,0079bf858fbfaeb03fa7ac717fe7c2ea
678807,(#7.16),,7,2009,,,677246,7,16,,feaffe502cec6769d0e928d46d203dd8
1058449,(2001-01-25),,7,2001,,,1057737,,,,a603cc99a86f91d60ec96b6f0a6ace6d
1941896,Heart,,1,2013,,H63,,,,,b4992db059fd92428f644cb613c55ac8
69142,When a Brick Hits/Burned Barista,,7,2012,,W5162,68757,3,68,,88c6dc13442242c1b0d950d87a942155
78519,(1997-03-18),,7,1997,,,78428,,,,d8c674b01be65b25ed3fd119d39afa9f
139780,Plasticine,,7,2012,,P4232,139778,1,2,,764b32f0d628afc5e398594d6dee4c7f
2063037,Le veilleur de nuit,,1,1907,,V4635,,,,,da9cf93003fd651ddbce6f780aca63ac
530166,Xinjiang Province,,7,2003,,X5252,530161,1,4,,a65c9ed4fe1543642f1272b1f8ff7233
2350100,The Birth of a Hero,,1,2012,,B6316,,,,,56a1fdea3e47b5a0aee4eb91b18dd08a
2445958,Tracked by the Police,,1,1927,,T6231,,,,,9c8b9703ed8baf7deef231f6bde80782
257814,State of Music,,7,2003,,S3152,257771,1,5,,64d37e2402e8189187f29cdfbef06685
330909,Soothing Urban Deck,,7,2012,,S3526,330851,,,,516ffe679a0c205e84ba10d9f6e8676a
68833,Customer Service Please/A Friend in Need,,7,2011,,C2356,68757,1,125,,07a86c7571cb0241a4c997795b8d22d9
1669953,Ahmet Çavus,,1,1972,,A5312,,,,,b5dca6c96e91476e8e99e49c64dd45df
653811,Cassie,,7,2011,,C2,653772,10,6,,0ea44d736dfbb90fea2c736f2ac0ecc7
2432523,Thiseio - Kerameikos,,1,1974,,T2652,,,,,b77c80109d76e59a473fec8452008fee
1133668,(#1.3),,7,1979,,,1133665,1,3,,9effd2754846b8a0fe0d27ec7ee19def
23399,(#1.86),,7,2008,,,23216,1,86,,3ab4d5d2dbf1f0e55f5848203b548b41
164406,(#2.145),,7,,,,164254,2,145,,49c2f7c8168f37295486180e521f01e7
2490130,We Are Skateboarders,,1,2012,,W6231,,,,,7c262c2e8584207ed5f8aefbc2f8e5aa
1748418,Brush Off,,1,2007,,B621,,,,,564e1f660835753a8ba3107026ef1f29
2225605,Péril imminent,,3,2003,,P6453,,,,,1d897abc25169bce50f018c504839fea
396883,(#1.15),,7,,,,396881,1,15,,dda905034750eb5e845bf3e1a9a55c5d
1280825,Truck Logger,,7,1973,,T6242,1280624,1,17,,9835c49900feb41e398016f166c2ebad
1598885,The Men Left Behind,,7,1969,,M5413,1597940,5,28,,6ccc16a9e872e517b7aadbaa9f5d8344
949603,Not Going Out,,2,2006,,N3252,,,,2006-????,aa53b4dbdcc761a0d8d7763ed54d788d
1422037,(1968-10-24),,7,1968,,,1422026,,,,67c65bc9585fce499630234ce8a8f1e2
233706,The Firemen Show,,7,2009,,F652,233677,2,10,,961230d1f645f389a00c63c9f2a4a319
604106,(#1.851),,7,1991,,,599479,1,851,,feda42b4af703992ba74ed1fb72a18dd
461805,Religion and Magic,,7,,,R4253,461793,,,,db4125b5f8b7905e8dde3fa4b5309524
1472003,Blades and Volts,,7,2009,,B4325,1471995,2,1,,e8faca53d5b6f1133bc8f3fe29ae38a9
172862,Bradford Martin,,7,2011,,B6316,172759,,,,7ad88b1e47fd64b09be73d9076f90664
1223412,(1969-09-04),,7,1969,,,1222059,,,,a33d911205681d6d555b99f7486d132b
211649,Ciudad de México,,7,2002,,C352,211648,1,3,,a2f82bf8c22f430a5fbf06b69b65b04c
93107,(1981-03-07),,7,1981,,,93031,,,,e3ea92dd0f9ad213bb5e432f707a0514
43396,(2009-05-26),,7,2009,,,43320,,,,290a30d407a71192ba1772dc762b39af
141837,(#1.12),,7,2007,,,141833,1,12,,f481ec805fe86e3111397c0ebb5c76b2
2006025,Julie O'Brien,,1,1981,,J4165,,,,,be87c4388dc6520653d995b2628944af
2192628,Passa la guerra,,1,1915,,P2426,,,,,50b0794ea3f63e0a747b15535baf9022
1603854,Number of the Beast,,7,1996,,N5161,1603837,3,2,,eb8d53ac96f7826b2e9faa613fdb58be
194417,Chava quiere ser Cachito,,7,2012,,C1262,194395,1,107,,ffa8b9c83b84bbd7f3fff88aef6adfef
75728,(2007-12-01),,7,2007,,,75628,,,,caa5f84942ff35e134fdb9f53a89bfaf
78355,El gran día,,7,2004,,G653,78333,3,20,,20717a71fa68f64a4047c0333cb72029
2124169,Mnimes argaleiou: Erato Angelopoulou,,3,2006,,M5262,,,,,e3af10db803181f22605388e24246595
98837,The Victim: Part 6,,7,1980,,V2351,98776,3,6,,194bf2933b3d1dfb8721a30d3dccb96c
49026,"Tenkôsei, daikangei!",,7,2009,,T5232,49014,1,7,,f28e21b51953ec26b226c328f6b4c76e
1596824,(2007-02-01),,7,2007,,,1594823,,,,e6f54a75be07cb114025466ad1bb3431
250066,(#3.14),,7,2009,,,250000,3,14,,f0a46f476be4a8ffa803fd39b8ffb085
1197311,Darmok,,7,1991,,D652,1197283,5,2,,bf57050d7deec75dab759bf3d1501841
850877,The Khandur Uprising,,7,1967,,K5361,850868,1,8,,40d1f076c92846d1391d8848fbde82e2
1418469,(#2.7),,7,,,,1418452,2,7,,5f2fd4e92eaca6c931d653aa57850030
1762516,Castigo del fanfarrón,,1,1944,,C2323,,,,,bf85ff3d2f87bcd0132e15416c98669c
89133,(2001-05-13),,7,2001,,,87087,,,,2f6321a609c6031f15d9a424a4e17515
2123069,Mister France 2003,,3,2003,,M2361,,,,,214cc669a30338a4afcf31fcd67cafe6
1607897,Raja as a salesman,,7,1984,,R2425,1607891,1,16,,28c346578a5752d3b7fd9d91661f2abf
2328648,T Takes: Jason Ritter,,4,2008,,T3256,,,,,bcfe3f01d78940d8b48bb6a400dfa619
65440,Capitulo 23,,7,2001,,C134,65424,1,23,,4b7399532da32a6c0635854a5b7daa7b
1884314,Fashion Victim,,1,2003,,F2512,,,,,3bd62923942c371441786f7d21521eeb
189916,(#1.9),,7,2008,,,189905,1,9,,14d86ab92855951a5f3917220f9754a6
27873,Ronnie Scrote,,7,1990,,R5263,27869,1,4,,8c3638f7ccc68bd232248a96432d5fce
1076889,Comic-Con 2012,,7,2012,,C525,1076887,,,,eeb0f7501c03b933ae3520531f46afe6
2129879,Moscato,,1,2012,,M23,,,,,e9b3cbbaafa0bae1e72c3b850d5d5492
1935765,Hand of Fate,,1,1999,,H5313,,,,,fb15dcb31cd2c5f8f95e5bf1f44129ca
1274197,(#2.7),,7,2009,,,1274178,2,7,,2278fee79a90b286e2a1051bb23fee0f
6284,Wählt Frau Heinrich,,7,2012,,W4316,6239,3,9,,0832a2f560fb774abc727dadf073d01e
26149,Seann William Scott 2,,7,2012,,S5452,26109,,,,025e0f918581383c26a2b6f1b614553e
1476402,(2008-08-08),,7,2008,,,1476397,,,,09d934b6b247f2208ee9d6fdb4ec5a02
1121162,(#1.1032),,7,1988,,,1121123,1,1032,,bee9a1be54b93062fb4b709424857ac0
183580,Brobyggerne,,2,1991,,B6126,,,,1991-1998,ba115737564d70019599c6a10cf8ccc0
18673,7live,,2,2011,,L1,,,,2011-????,435dc9ee014e6f6b899f2e1265ffab4e
483106,Collection Catherine,,7,1993,,C4235,483105,1,5,,db75445613d82e7d4537db4cce27acd2
110047,Nobu Matsuhisa,,7,2009,,N1532,110022,,,,60e53fe22b4a7202fc0f60c5de46f624
1520142,La porte 7,,7,2001,,P63,1519827,3,115,,a7697208608be97dddcacfac64c70913
1559076,Walk on the Wild Side,,2,1994,,W4253,,,,1994-????,c339b9a666120130010819499473e54d
131594,Een leuk Spaans dorp,,7,1979,,L2152,131589,1,7,,0f8c974088c54f96af6b02a8fcc93086
567847,Steven Berkoff,,7,2008,,S3151,567611,,,,e95bd8adc2b3f36f4c7ccb413cd5fa79
2401225,The People the Rain Forgot,,1,2012,,P1436,,,,,19c2260332f8fe3caf3103f55adf84c1
108473,(#1.25),,7,1999,,,108405,1,25,,9f1ceb5abb64143b58dc37ba03a0d5ef
1735575,Blood Drinkers,,1,2000,,B4365,,,,,005539c6213c8df954eeb23ebc94b556
73197,Second Half Preliminary Round 1: Clark vs. Jackson/Odita vs. Ferguson,,7,1993,,S2534,73091,6,12,,949991ff0435a2f8f2caddfc2cb05422
144102,Beretninger fra Økoland,,2,2000,,B6352,,,,2000-2003,db7812c584fe6a7bf50c83734d62be24
82250,The New Boy,,7,2009,,N1,82204,2,25,,f6d21d0212291cbebac27e2de91809d2
398693,(1995-11-14),,7,1995,,,397677,,,,a10ea6183ba58071006578405a029c10
214701,Amb noms i cognoms,,7,2007,,A5152,214699,1,6,,089e1599f2e4fd370a08b5a877244a04
448531,(1996-02-21),,7,1996,,,448433,,,,fd236f88e45661da62ac570ab0a973c0
382834,An Exchange of Gifts,,7,1964,,E2521,382797,4,13,,e2d53739d671a5e06a0132d0faa0e5f0
394995,(2003-11-27),,7,2003,,,394743,,,,1ee5e056754711c327ce6c59cb359653
716290,Noises Everywhere: Part 2,,7,1987,,N2161,716090,9,11,,fffcf0ff79aa3db8ca812463d8e10cdf
198790,(#1.149),,7,2010,,,198734,1,149,,9821fb240e2d16ab0dcf0b3ebf44db26
111053,Geek Love,,7,2001,,G241,111044,2,6,,a9e08f7c26aa7ee333979a7709da861a
2520152,Zivy bic,,3,1966,,Z12,,,,,cee74ab71c2de2e44da4e0d8496dcea4
63988,(2010-04-09),,7,2010,,,63983,,,,0f95b8ecd807c9e10b5181ffab8b6bf7
2193848,Patigasan,,1,2000,,P325,,,,,eccdb0235a5c12a4138e209a228508e9
2186908,Palais de danse,,1,1928,,P4235,,,,,8a89de612c1cea85f1f585179b3d2ab9
185998,(#5.7),,7,1991,,,185959,5,7,,30cf5886a966d4da1f1dd159ded20efd
33954,General Eisenhower on the Military Churchill,,7,1967,,G5642,33947,1,16,,0079ad412642399647b862bb4e286ed0
1354356,Enchanted Forest,,7,1989,,E5253,1354246,18,11,,e0fb8d71a047a5fb5c0383e68cee02e3
834159,(#1.4),,7,1979,,,834155,1,4,,ce824abe72622f17f32fef0b5664fa56
1232509,(2010-11-10),,7,2010,,,1232427,,,,409695b7f7384fe2b3aa6433acce8412
2096635,Majboor Ladki,,1,1991,,M2164,,,,,dc3272edcf9b658e336ff72693b54e4e
1246916,Oh la vilaine!,,7,2008,,O4145,1246883,2,4,,31deedd62f535ddb68fccc48705ccdb9
1903138,Frenzy,,6,1982,,F652,,,,,fad1f8b20d27b0d13c030d35e0d66ca1
2279934,Shatru,,1,1985,,S36,,,,,e44518e0811901b73abef620c3a81850
93315,A Man from Ginger Nell's Past,,7,1978,,M5165,93314,1,6,,62cde8efb01f9c4656d2c47dcca4aa2c
1534067,(#1.3),,7,1971,,,1534064,1,3,,93393494f8aba086a39e94773ad4d899
2296360,Snide and Prejudice,,1,1997,,S5353,,,,,d0f581d8812a2e9cf8de4be15f2ff668
39635,ActorsE Chat: Jay Matsueda/Greg Swiller/Kristina Nikols,,7,2010,,A2362,39009,2,164,,88517124096b4ede467c2fd2e45141e3
2265464,Scenes from a Gay Marriage,,1,2012,,S2521,,,,,eaf00f92322259ece7555e8bb13f21ee
128741,(1999-04-08),,7,1999,,,128714,,,,9e83b21dea19e68fc887d08c34608af5
1501408,Extreme Takeover,,7,2007,,E2365,1501392,3,11,,f615752eb5e60cbbc53b7f5891b75248
47147,(#1.12),,7,2004,,,47143,1,12,,bec2ce2afef692090c1bb72a0e71386b
78151,(#3.26),,7,2007,,,78132,3,26,,b2b9a0a6240a4a685c405f76aaff8b2e
2189549,Par-dessus le mur,,1,1923,,P6324,,,,,bd8299b98405ad8247ea7bc3b80381d1
241698,Clash of the Continents,,2,2010,,C4213,,,,2010-????,394cd695ce82ac04fffab63c52df076d
2373541,The Golden Egg,,1,2005,,G4352,,,,,26f6b390295d47c8029b8a15c1c275bc
1392426,Dwight's Speech,,7,2006,,D2321,1392375,2,17,,fe71a2217dcc44419bc6546421c1e774
507540,Depâto kôbô mitsukoshi vs. isetan: Koseika senryaku de hyakkaten no fukken naruka,,7,2004,,D1321,507493,1,131,,5a5c57ea867d20a09fc5c40a209af947
189441,Macke naopacke,,7,2005,,M2512,189425,1,24,,cbe1e7dc9fa39714ab2c113fa3a8be1c
86142,Unsere armen Abgeordneten - Überlastet und unterbezahlt?,,7,2007,,U5265,86014,1,9,,26cf39df15fea9c822b12b521f237a85
1223996,(1971-07-26),,7,1971,,,1222059,,,,ab81bc5bd5259c411393bb62273158d2
78552,(1997-08-05),,7,1997,,,78428,,,,2040881703d2d545eb35816c81c4e4c1
42152,Castaways,,7,1960,,C232,42137,1,13,,cd1bee0f36d58beec7586475d16b5cd9
2096549,Mais um Eterno Amor,,1,2002,,M2536,,,,,fda3255318b780751ea9aef475ecdf1d
1845052,Dream,,4,2006,,D65,,,,,1d748bc63d0d870867d597a1c9c7e545
2523070,¿Quien dominó?,,1,2003,,Q535,,,,,16a3b68abbf667ae8d6eb95fb589fd73
489367,Miss Fortune,,7,1955,,M2163,489320,4,34,,5c669c060317a404a060cbaa8dda8b0b
178393,(2001-08-19),,7,2001,,,178355,,,,91ed85fe49747eac1261686d25c555d7
2072537,"Liberté, la nuit",,1,1983,,L1634,,,,,8aa7befb70bf03fd0aabb8c662482420
354640,(2009-04-22),,7,2009,,,353976,,,,85401e0df0647dca4af9625856c469af
817303,Rodjendan,,7,2006,,R3253,817184,1,30,,e34be912308775d9bf68609380ea8563
1118660,Wotamuss Gets Clean,,7,2011,,W3523,1118651,,,,ab98d9ef3166c29d57e6a8468c1e9297
183809,Shadow of Jesse James,,7,1960,,S3125,183770,2,9,,d2cfec9fa903beebaf28a3b9b67d09a6
177451,The Monkey's Paw,,7,2004,,M521,177390,1,22,,0d1afcb0c422799c12195991b57b9df1
44012,After Judgment,,2,2008,,A1362,,,,2008-????,8f6be96afe4d50014505aeadd2c6cbfc
2039724,La falaise,,1,1999,,F42,,,,,a8e680a3e613d17d0e293bc35b215483
2253109,Ruleta mortal,,1,1990,,R4356,,,,,abb768fd97701a8cf3ab5b47d45060f8
94722,(2001-02-12),,7,2001,,,94664,,,,9c2a43e6921831045d6652a5c0e7ea50
107553,(#1.13),,7,,,,107548,1,13,,4f86b3f6220584a7d751b6d6a96f4fc8
1715878,Battle of the Bogside,,1,2004,,B3413,,,,,27563a021a4a3e901df2220cb7e959a5
64920,Sasowanaideyo!!,,7,2006,,S253,64910,1,1,,d577b8fce9e95926a0f815046405e8b3
86833,(1989-05-18),,7,1989,,,86671,,,,e07cb5a750cc8ef2d63cb5e1b314c973
169672,(1984-10-16),,7,1984,,,169549,,,,276fd2792a6b2b2f24c17aa2a381aa1c
162948,"Get Ready, Freddie",,7,2010,,G3631,162947,1,3,,523db348919d8636e25cd45af38a5d51
85767,Under anklage del 1 - Skuddet,,7,2008,,U5365,85744,3,9,,5ecb02b9bb056949e743c9aedb9902ba
845732,Auditions 2,,7,2012,,A352,845720,3,2,,e235ae84cd8461a98727461aa9dd1406
286212,Lady Stardust,,7,2012,,L3236,286194,3,16,,02ce0dc0e345538ea344b86ccd68b657
2149440,Nemmeno il destino,,1,2004,,N5432,,,,,4d7ad92a55a9b3753e98876765b8b01b
128524,Girls Day Off,,7,2006,,G6423,128428,7,3,,69962f39ee131657cae7632039cff21e
158380,(2000-04-01),,7,2000,,,157571,,,,aa23897fd6f5be2a26dacbcf1cc523c1
2039476,La edad de la inocencia,,1,1962,,E3452,,,,,fff66953534d4a07af36ffa2729d0e76
76727,Confesiones,,7,2006,,C5125,76719,1,37,,6d4d52701a32289f03da73fd259ed018
180436,(2011-09-16),,7,2011,,,178599,,,,51e4250743be7a477a50d858a944cb03
1385563,(#30.15),,7,2001,,,1381096,30,15,,73aa85de97e9e3762de6a4619c3d6587
1540809,(#1.564),,7,1997,,,1539020,1,564,,0db36d31ad80de49fcfaaeaf2b41432b
379213,Doorway to Fame,,2,1947,,D6315,,,,1947-1949,321778ab9c89279c7f28b4b947b21f3b
1456317,(#1.9876),,7,2012,,,1453086,1,9876,,516e835aed1edb5e43b2d66f8e70da45
2115601,Mexican Centennial,,1,1910,,M2525,,,,,cf7a5d3f6882107f27705cd0f5ecbc17
115107,Heaven Sent,,7,2010,,H1525,114979,15,19,,995f254bdc52b6bb5fc5f7dfe6e9e9da
542194,No News Like Nude News,,7,1967,,N5242,542180,1,8,,d9fdabe5d17be011c04b84d30e478f1b
931145,Homes and Jo-Jo,,7,1989,,H5253,931082,7,19,,8d392a6c39679640e97350a3654aa022
1167259,Checkmate,,7,2010,,C253,1167233,9,16,,ad917cafe8051de4f103da4f1197b172
1517213,Políbení: part 2,,7,2007,,P4151,1516517,1,505,,f788f0a15bd1c976435b2cd5b3167bc2
55075,Cumings and Goings,,7,2009,,C5253,55073,1,3,,d9badc77cea8709ab237ff44aceef8f4
1321268,The Eagle Has Landed,,7,2002,,E2424,1321075,7,26,,c7938acfa10de3b3ec9a2ca17a812fd0
193445,Raaz Qatil Auzar Ka,,7,2012,,R2342,192964,1,852,,0d367a3bc4005211fff3c8a72ebb2429
2281403,Shen nu meng,,1,1989,,S52,,,,,e5013bcd859020d704eda81861bb5fbd
2527658,Siegfried,,3,1980,,S2163,,,,,20f59398471f8d6d55bf134445b77dec
2081937,"Look Out, Ladies!",,1,2012,,L2343,,,,,f2c9d86b2cab7312e90c3aa4d0a55a7b
2152378,Niagara Falls,,1,1913,,N2614,,,,,567dfc5179730429b202e3019641d07b
2173799,On the High Seas,,1,1922,,O532,,,,,f238cd125e8833673c0e535dc23691c2
149499,(2012-09-17),,7,2012,,,149492,,,,266672b205a5ef8fdbbffb2c9fb7f8b2
2518431,Zekuu,,1,2006,,Z2,,,,,b623d36fb77fa5eecaa8368ccc5f2706
2339185,Terra Mãe,,1,1960,,T65,,,,,35a859f4511c416c59f075d83785d4d9
119314,El cobrador,,7,2008,,C1636,119249,5,5,,68b25547484c15491b322781ded84b1b
174407,A Night to Remember,,7,1998,,N2365,174406,1,2,,ae55d41a70cb372f395148915b6c1ffd
190327,Fearless Leader,,7,2009,,F6424,190285,3,4,,a93cc07ede060b43a108b16e4db50cd5
837894,Trash Talking,,7,2012,,T6234,837781,1,19,,b65559d547b2a8eb7048351b7a6eeba0
1869236,Engendered Species,,4,2006,,E5253,,,,,cb11fd19f0d05b6e3075cdb7c7d59973
180028,(2010-06-28),,7,2010,,,178599,,,,f1edcd6997eb13239281e8b9bbf0dbbc
509497,(#2.10),,7,1992,,,509485,2,10,,1ba302f83c8eaee623d2691a2c367f5d
374462,In Your Dreams,,7,,,I5636,374455,1,10,,48a7e4c1a5053c5c49da03325a4dfe1f
1504942,(#1.2),,7,1999,,,1504940,1,2,,b52a5fe436d1fd3275036a2604a37533
2296081,Snap Shots of My Life,,1,2010,,S5123,,,,,fe6c368fc4e45a6f2cddf1451ae4716e
2442848,Too Weak to Work,,1,1943,,T2362,,,,,d3f76bb2b57ea02ead79484cbc498dae
172975,Gretchen Morgenson/Joshua Rosner,,7,2011,,G6325,172759,,,,cb4ceb03dfdde0b60c580c26890097b1
1689178,Anjaam,,1,2007,,A525,,,,,bcd769a4043552846d8d60f9833212bd
30415,Que Fim Levou Alain Vieira?,,7,2010,,Q1541,30397,1,7,,afd4f053507615b791b7bff62d7d6c4d
1709649,Baggin' the Dragon,,1,1966,,B2536,,,,,0405fa58a0ace6781308af0929d0997a
1416873,The Conquerors,,7,2001,,C5262,1416863,1,4,,ffe180c58a3340e0f3a4ddf2c3289f92
2299505,Som man behager,,3,2003,,S5126,,,,,28c26f9b418609b72657974319f92030
2514854,Young Fresh and Ripe 3,,4,2004,,Y5216,,,,,b50e4a37ab5544367fe543d8b32ffd41
1971776,Ich vertraue Dir meine Frau an,,1,1943,,I2163,,,,,5ddde58ddb7438337c61d1ede136ff85
1299409,Simon Cowell Is Back!,,7,2011,,S5242,1299293,1,39,,31f0eef2ddf1e5429ba99d8c472da2b3
1459376,(#5.1),,7,1997,,,1459249,5,1,,c53afe9153db163794af3ab8665e585a
2400561,The Party,,4,1988,,P63,,,,,2809675d35657dbac21154151c699533
71444,Exposed: Part 1,,7,2008,,E2123,71412,,,,169e9800782bd244ffa6bd9e5fd0e940
1585210,Deel 1,,7,1998,,D4,1585209,1,1,,eefc81c2f14ea9a51f5c419c46257138
1245398,(2009-08-11),,7,2009,,,1244599,,,,7c60ea0e461ff9cc22e3ea478a8a4ff0
167849,Iota,,7,2013,,I3,167764,6,62,,1aaebd6f2bca868b5a9ab310cc26130a
1159357,(1993-01-06),,7,1993,,,1159354,,,,9044ac4f5024b30205bf401666a96657
2072314,Liar's Poker,,1,1999,,L6212,,,,,6a3875ce4e2bf83ffa3dab029205703f
1240119,Waiders of the Wost Tweasure,,7,1991,,W3621,1240056,1,45,,2d5472716cd2faa2034cb03bf3e7357d
707345,Bôdô: Garubesuton,,7,1982,,B3261,707342,1,24,,17631ed8b7c3d15825fe8b6494f8eb89
114996,A Man Called Boy,,7,2006,,M5243,114979,11,17,,6b0d7721de411ac257676d223e7c3072
1262257,Massís del Garraf,,7,2012,,M2342,1262248,1,9,,6e27ab9cfe73a56207d05f6079956100
43073,Bessie,,7,1974,,B2,43071,1,7,,3b91b7daf3404524687ee4b7fd6cef56
98882,(#1.5),,7,1997,,,98877,1,5,,11693712b2c3d0cbf1397a9fd85f37b7
2138942,My Longest Day,,1,2008,,M4523,,,,,90a9b836c4f71fdcca195a3e8dd200a3
140965,The Game,,7,2012,,G5,140768,,,,5a88acdd2e94bb8517bf046e84e359a6
429301,(#1.461),,7,1961,,,428898,1,461,,33e3dbc4382e3737eea657daf48a5295
2105825,Mascara,,1,1999,,M26,,,,,310c4ff45bd27f42cde2910b8087aae9
59976,Muslims Moving On,,7,2011,,M2452,59970,1,5,,15fa52b0ded4eb19e7d82828952a3f64
1664459,Aci gerçekler,,1,1981,,A2624,,,,,0c2f0be816623dbbb454430ef96c2021
450922,Los árboles mueren de pie,,7,1966,,R1425,450503,,,,5eebd4dbc9e65d943234519b8792f8e1
128719,(1999-03-03),,7,1999,,,128714,,,,0b40df9322c04d540aa496bf719eb265
188991,(#3.1),,7,2010,,,188979,3,1,,fb4dbe7cc275010e266f7e0d33f46af7
2254906,Rzeczywistosc,,1,1961,,R232,,,,,b74f37a35bbaee8d1d0830d5f5a58ced
32508,(2008-11-17),,7,2008,,,32442,,,,cdafe809b0c7f5c861e19610d46c91c3
2160838,Not So Innocent,,1,1989,,N3252,,,,,322085cc80a72b472f2f0120f8cc22ea
2440815,Toggar el mawt,,1,1958,,T2645,,,,,456589c18e70696e117ef509107d5ac1
2213099,Postlagernd XYZ,,1,1935,,P2342,,,,,91f1629b8ca65f4f0a8537615f4ec199
115392,Australian Survivor,,2,2002,,A2364,,,,2002-????,d0df0d35d4e6c5e046e7758c0562521e
591488,Hoces - Neces,,2,2002,,H252,,,,2002-????,48f3663e6eb61dbd71266e71b78207d6
77842,(2005-09-22),,7,2005,,,77676,,,,6b6293532247e1b55d541d50d3aec9aa
147791,(#7.4),,7,2011,,,147712,7,4,,77a05faa46d96dd04b789a78eb61405f
2063150,Le violon d'Arthur,,3,1991,,V4536,,,,,b723fae9ed38b06b7091d68ce524771b
929505,(#1.11),,7,2006,,,929502,1,11,,f35cb42a2acf42f46745bab5966095f8
2053789,Las pecadoras,,1,1968,,P2362,,,,,e6ad02ead7b5935bafc8a7788a0540c6
67806,(#3.6),,7,2006,,,67743,3,6,,d50f5cb05ba4c33f3369e5b8d64cab6b
812780,(2012-04-12),,7,2012,,,812607,,,,223204b85a1ce2e6d338785354b9ee21
943922,(2006-04-17),,7,2006,,,943849,,,,6fd955b9ee42615cd2c71b4fdde477ca
12434,New Best Friend,,7,2013,,N1231,12433,1,3,,9002eef5ad46236af79c0c7be159668b
124596,Blading with the Stars!,,7,2002,,B4352,124578,1,22,,c7799598433fce5fc0ff03ee60208d3e
596874,Fantastic Four: Rise of the Silver Surfer/Nancy Drew/Fido,,7,2007,,F5323,596800,,,,e04cd44fa863f0da814382ddda668568
411536,(2003-11-21),,7,2003,,,411079,,,,5c4bd742c6258853c69c12d004a62921
1504766,Serebu,,7,2006,,S61,1504763,1,1,,d815cb067fb55d37677cb9791a2a7f24
141774,Up the Tower,,7,2011,,U136,141748,1,13,,c6974dfbf33ada92134357ed6a1cb91e
44225,(#2.2),,7,2000,,,44217,2,2,,2c16313724a97fce6d26282c94591628
995035,A Christmas Look at Morecambe and Wise,,7,1974,,C6235,994745,4,18,,76dd980e1e3bcd32b84132ebe09ecf98
60793,Freja,,7,1994,,F62,60785,1,4,,51e9365733df7ad1f5aa679b740fa37e
1741177,Bord de mer,,1,2002,,B6356,,,,,af4045641ebc30eed1c470da2d2e052a
560744,(2013-01-31),,7,2013,,,560680,,,,a6816d8f502c7a76981475be03009918
86394,(#1.8),,7,1974,,,86385,1,8,,307f2347139f77ae559f35a5d12f6c21
1948404,HGTV Green Home 2008,,3,2008,,H2312,,,,,8ab5d18713159e37b905e36114530388
133023,First Flight,,7,2012,,F6231,133015,1,1,,b0c82f8654e3b456b6285861a77f1f68
29589,(2004-02-25),,7,2002,,,29216,,,,39adf232d2cd66d14bf13090863e0b84
921104,(#1.1100),,7,1989,,,920989,1,1100,,26bab7c8611f11d91aaa3a6a540b948d
43711,(2012-04-10),,7,2012,,,43320,,,,2569dd79bb5aa5cfb702f62ee911abd3
2088001,"Love, Okinawa",,4,2010,,L125,,,,,3aeb8ba415ef2b3f4dc63e4ea74dfb20
1920312,Glenn Turner: Money,,4,2011,,G4536,,,,,061484a85e40593d9ab4ab7cc4ef42bb
2114258,Meriken monogatari,,1,1926,,M6252,,,,,abb27eeb752ee2546cd9d99b78d2f7ac
1726152,"Biao jie, ni hao ye! 4 zhi qing bu zi jin",,1,1994,,B2525,,,,,9235bf93f4aeb6e25e40359c395a6276
2267856,Screamers,,4,2000,,S2656,,,,,3f896cc0bfbf9cd685b33a82a17bc527
21582,Paddling Your Own Canoe: Part 2,,7,1988,,P3452,20918,8,50,,e34175e11d8360ca0e252ef9ee0834d1
2487558,"Wanted, an Elevator",,1,1920,,W5354,,,,,d7434c201496f0d604dde4e58353031b
71919,Bullfighting,,7,2008,,B4123,71915,1,6,,c093046349b9baedf028d4e9c4f91d4f
2272260,Sekishun-cho,,1,1959,,S252,,,,,d8c76b5c0f3713f43188db50a3f9c8d7
2178020,Opasatica,,1,2010,,O1232,,,,,3e8d549831dfd3878e17114cdd1882bd
2485766,Waiting for Dawn,,1,2012,,W3521,,,,,36ba28c802d816c4e4574e101d2fbd52
1405860,"Laughing Panda, Changing Ty",,7,2010,,L2521,1405588,1,10,,034be341ddba2041d5f42a40c4d5ae88
190779,Busted,,2,2001,,B23,,,,2001-????,dfd1167be1d9bf39002e28096e90ae4b
652247,The Immigrant,,7,1971,,I5265,652054,,,,1472535a06f4097fbd3fd5323c2fd51c
196615,(2011-03-20),,7,2011,,,196597,,,,95360085ee9c9a1d58122cbf087da7b5
770518,(1987-05-23),,7,1987,,,770510,,,,5668bd64a443e75ff8c151aaf03bd28f
1426797,(2003-09-18),,7,2003,,,1426700,,,,6d85589c0d1e44731733a27eb98c2a00
1725417,Bhagya Lakshmi,,1,1962,,B2425,,,,,2e069613cf854d12934ad9cd609c1451
136795,Aamin na si Maya sa kaniyang pamilya,,7,2013,,A5252,136791,1,132,,b7247f7e71707e7e7c16478d551b8d48
25431,A Loja de Camilo,,2,1999,,L2325,,,,1999-????,bb0fd082faf07856cc5dac0b2c6ea382
2431748,This Electronic World,,1,1960,,T2423,,,,,b8e714543b7eebb2af678764b6da17d3
195848,(2007-02-16),,7,2007,,,195563,,,,a70b9cbc0c9d08bc20f7acc27238a850
36773,(2012-06-04),,7,2012,,,36138,,,,53cd0876234155e79706c5c1bd81c11c
85644,"Louis, the Pawn",,7,1972,,L2315,85640,1,8,,838df6faadd8c24aa92cc3d35f28c7b7
158079,(1992-03-21),,7,1992,,,157571,,,,6b502186255f981539e0b13f40fb947f
1329322,(2013-04-04),,7,2013,,,1328992,,,,c178e169b10019c018400f7aaf5a3cfc
68733,Roosevelt Estates,,7,1997,,R2143,68692,1,13,,7fd4e25d4e9147808cf1fc8785d8b3a6
2521679,Zui mao shi fu,,1,1978,,Z521,,,,,b2f7c32badf5ccaefe4cf0f593fce7fd
2338373,Tengoku wa matte kureru,,1,2007,,T5253,,,,,61096fe363eb2eadb6bc362c9a48f0df
85045,(#1.217),,7,2002,,,84913,1,217,,ce13b5148e684751bc33b06795285a48
184504,Campaign Plan,,7,1983,,C5125,184043,1,30,,b19d65f9f0b6e45d9526a01181bece37
89000,(2000-12-30),,7,2000,,,87087,,,,bc7f5eb83b3abacfee99eeb9926274c8
160888,Watashi datte karega hoshii! Gôkasen no wana,,7,1992,,W3232,160846,1,12,,80cabf442aa6e6da6432d8b1b4927784
1155621,(#1.2019),,7,2006,,,1155441,1,2019,,37518538c19d0c58bdd9319a3858d113
101026,Joe Cain Day in Alabama,,7,2011,,J2535,100979,7,5,,cd17461ce789f395f7f065c13190b652
1630978,"Józsi, a hös",,7,2008,,J2,1630957,1,9,,410267771b27f427bd321ae1bdfb92ff
1795585,Cuatro de copas,,1,2012,,C3632,,,,,b3cda28b161f6d53aaea2ce98965c45f
1643290,8 Limbs,,4,2007,,L512,,,,,52447e7fc6f53b28068fb21d7d91ed0e
104497,(#1.13682),,7,2010,,,103385,1,13682,,fffcd6727bb0df6017641ce5e5a5a73a
828529,The Last Rainbow,,7,2010,,L2365,828505,1,7,,384de240f52e1034b978b5f5cbcae4e1
11284,(#1.4),,7,2002,,,11281,1,4,,334b16cc119ab6f00c0bf57a104efd39
2453712,Tumbling After,II,1,2012,,T5145,,,,,4639740cb67481f1d4e6ae65e6ac3bdd
1977706,Im pokoryaetsya nebo,,1,1963,,I5126,,,,,428c341236d0c1eeaa984ccdb899762f
1417382,"Mother's Cruise Special: Cruises, Walking Sandals, Travel Hair Dryers",,7,2007,,M3626,1417361,7,7,,65f8ab0e524982a226ba30a9ba624fa6
2127614,Monsteret,,1,2002,,M5236,,,,,5170c80ad2df6f03cdb8b222c9e9692b
1896149,Focused Digizine #1,,4,2004,,F2325,,,,,f4422d5cb7df1d59b078c903cdbdfd24
1194590,Kumbharakha - Part 2,,7,,,K5162,1194551,,,,6cbb9c737b64766617b879df19112dc2
1985567,Inside 'Moonraker',,4,2000,,I5235,,,,,1408520e47db519a8e5611574da61e2f
1683608,An Egg's Guide To Minecraft - Look at My Awesome House,,1,2012,,E2352,,,,,89f26ac66b3f5b2a347b482e439c7fb0
1634155,...Schließ ganz fest die Äugelein!,,1,2009,,S2425,,,,,adf1c0ead151171fc0dc0ed6a0e85ad4
2233501,Rawhide,,4,2003,,R3,,,,,cb93f3ba12b8c64e51aa395ab80fc012
82376,(#8.30),,7,1982,,,82255,8,30,,a448ec506555570ef7a2b5f196dc3ce0
1879937,Ezrah Amerikai,,1,1992,,E2656,,,,,a0218c1f17b9d87f602f1217ff2b50e6
85480,(#1.5),,7,1995,,,85474,1,5,,407414b8d9767e93201309bbb6f3c202
73957,Hollywood Round: Part 2,,7,2010,,H4365,73710,9,10,,8b30134874cd4b72eb71b9c93a98e8e6
1968971,I poli,,1,1981,,P4,,,,,8a9c41997552643053bd4e62ba28dd5a
1607564,Backyard Brewery,,7,2009,,B2631,1607540,2,5,,a3c3f66ebf51aa2752310de254759dbd
46375,(2004-01-31),,7,2004,,,46022,,,,3fc651295dc459286a726e65919b7640
29903,(2005-09-14),,7,2005,,,29216,,,,996b7819d753206d198b655b86d5ae0f
104732,(1967-02-17),,7,1967,,,103385,,,,920dceb21e7cde525c6810887f4fbf00
973752,(#1.10),,7,1999,,,973750,1,10,,80f403199b5a051bd771d7ea165b9940
178774,(2004-05-28),,7,2004,,,178599,,,,e78eb4e8624ecf7bdde86025701a4202
47776,Tracks,,7,1986,,T62,47723,3,21,,12398c47091ab9919b7c8357b08e3e20
1616869,(#1.459),,7,2006,,,1616469,1,459,,96dc08ddb95a1f37e863372e3414899f
165489,(#1.2),,7,1979,,,165487,1,2,,19205a6798b19a6d5e7e565cb3242f8f
137266,The Shining Example,,7,1975,,S5251,137259,1,6,,96079366a96c9677ef31870bb8afe7d9
1302175,(2012-08-09),,7,2012,,,1299750,,,,e833cc2d1d27b20c854b303a132ea0f4
134820,(2009-12-03),,7,2009,,,134557,,,,06d0840903d8644bb6377f9c57b6cc7c
18706,7th Heaven,,2,1996,,T15,,,,1996-2007,542066d6036466c1eb1201a5f33cf346
6374,(#5.3),,7,2010,,,6370,5,3,,9b31714b1424ec9da28e245f79ba7231
1792419,Cream Pie Girls 3,,4,2006,,C6512,,,,,c3b60b38be1fcbbce33537171787a991
310628,(#1.728),,7,1969,,,309683,1,728,,a0045f3eef9d04824fa88b9577313f15
15511,(#9.7),,7,2006,,,15336,9,7,,c315a0550da07dbe907f434a258f2601
152415,(#13.7),,7,2012,,,152267,13,7,,b3298f34f7a2ff7061851161b538c4a4
95217,(2004-05-06),,7,2004,,,94664,,,,97d9991b5bc5552492537b62ce043098
2030434,Kôkaku kidôtai,,1,1995,,K23,,,,,8f56bab445bc9507695c3659bd329f08
40430,Sky Diver Ke Qatl Ka Rahasya: Part 1,,7,2012,,S2316,40242,1,99,,3ecf1c760446d412b04033e119160b45
170911,(1998-09-04),,7,1998,,,170883,,,,89fb6eeb513fa71d6ff93498a87134b5
94998,(2002-10-04),,7,2002,,,94664,,,,01e729a2751c05485cb52f7e78f7b21f
172839,Arlen Specter,,7,2012,,A6452,172759,,,,ddfab4c5ef1a94df1c32c081afc315be
164372,(#2.114),,7,,,,164254,2,114,,c7d2554fddd9ffb215097edc90c66822
132650,Tatakau riyû,,7,1998,,T326,132629,1,18,,4138944da0863be10ff108e1dbbdc7d5
1416958,(2003-11-14),,7,2003,,,1416923,,,,beff087274406789628989892d1e03f4
143159,The Widening Gyre,,7,2011,,W3526,143112,2,20,,47514be15199073d41f4f8acf124fc46
2310827,Stargaloto,,1,1975,,S3624,,,,,eaf5c6b43962525d32464d5535a9d53d
69983,New York Auditions,,7,2011,,N6235,69890,6,7,,654d84c6c6212e93614b30e2cd3cc9d2
196144,Blues for a Junkman: Arthur Troy,,7,1962,,B4216,196140,1,21,,fc083621383368bcd6218b53339e3198
304119,Brothers and Sons,,7,1987,,B6362,304077,11,12,,86cd75a846367b445110f1e431b36fda
1337522,Will Smith/Gary Barlow/Sir Tom Jones,,7,2012,,W4253,1337336,11,6,,dda3038c7345a9e356ff578b0bf14838
794952,(2008-06-17),,7,2008,,,793763,,,,6b3bde6ec39354a06f5f5e5d3b110a2d
88190,(1998-10-02),,7,1998,,,87087,,,,70d57114e486a4c690ee2275bd474154
41082,South Wales,,7,2011,,S342,41043,1,10,,a2cf109e0a49eb7b4ad2639678a16e19
1690657,Answers to Nothing,,1,2011,,A5262,,,,,bdd7e2b996dde7e0eccdabbb2ef518a4
1148649,Hine Ba'a Ha-Rakevet,,7,1997,,H5162,1148584,1,17,,01537beb7fd8a78cb2dfe25c2452583b
37731,(#1.1),,7,2010,,,37730,1,1,,4ad24497eacd6cc255cdcad5befc3dba
852121,To Have and to Hold,,7,2002,,T1534,851920,2,9,,0e523b185cc3b0bf8aac7baa4ac70b56
175432,(#1.34),,7,2006,,,175404,1,34,,45d4de23f45a766d83c7b63c73d46019
2007839,Just Sign It,,1,2013,,J2325,,,,,b0636866a33c76721e4ef596301cd499
1498242,(1999-04-10),,7,1999,,,1498232,,,,9620d34f04f17f5600529f0fd67eb037
1068773,(#1.4),,7,,,,1068765,1,4,,b92632dfdcc8593007e5c24d44928887
45343,(2000-11-18),,7,2000,,,45248,,,,77fed3385c5dcb997d597120d2bdf34e
1907839,Futanari shôjo kosaka yuri,,4,2007,,F3562,,,,,d311fac1eda8ffa3619aec953d2bc00d
1438050,(#3.3),,7,2008,,,1438048,3,3,,033d637acb852dbbeac9363155999956
125861,BANCO! - Ein Spiel um Sackgeld,,2,1979,,B5252,,,,1979-????,8a6214e52de9b88e755b48d5b3c3a892
153827,Big Windy Park,,7,2010,,B2531,153822,1,24,,da817607cb04f457e2f383d81c22e810
137277,(#3.1),,7,1988,,,137271,3,1,,ab44fd353e87ba2aabae885db289ada4
1052030,2nd Is the First Loser,,7,2013,,N3231,1052029,1,4,,99e84f8676c344d2add53065e62658e1
1635159,100% Blowjobs 6,,4,2002,,B4212,,,,,0e7080627cb400499bcdc08926b7f467
2465,Anna Tells Sophia That She Is Her Daughter,,7,2011,,A5342,2417,1,116,,c9aea173379234e2ca364556d6353623
58086,(1996-05-07),,7,1996,,,55774,,,,42b649865724e1a9211c3f9d1071195b
113631,Aujourd'hui Madame,,2,1970,,A2635,,,,1970-1982,a8328006a5088c04c5ddd25296eb219d
185532,"Something Old, Something New",,7,1989,,S5352,185452,,,,58ce5171f3e33f78829ee2b21f2300a4
318550,(#1.10871),,7,2008,,,317585,1,10871,,e826da1b96054bb633ca42fbb8192ee8
1660965,A Year and a Night,,4,2007,,Y6535,,,,,deae9b0d6feed99b0b08cc59cb8afdba
237433,(2011-05-12),,7,2011,,,237029,,,,31d7f9c697c73975255c1d5beacb11e8
65485,Bheem's Quest,,7,,,B523,65481,1,12,,fc07a64bbdd9388b4fa58ecdf1825087
96789,The Mr. Almost Episode,,7,2011,,M6452,96719,2,25,,0bf43ad12d29b86136bd590486e4dc70
2376010,The Half Breed,,1,1922,,H4163,,,,,16fe56f0d058bd94f7d2eb4c980bbce8
656153,(#1.1),,7,2010,,,656152,1,1,,72a0c505bf31bd7e96e230d08e98a337
153978,Movie Night Madness,,7,2011,,M1523,153923,6,5,,313838116ea04c497b805709563d4380
291326,The Wainscoting,,7,2008,,W5235,291322,1,1,,78dfb34bdbd29133d1a3e5e535544007
1611440,(#1.8),,7,1975,,,1611432,1,8,,28a3d84c82420e9d1a64b7aa617a1e55
1867321,En familj,,1,2004,,E5154,,,,,2a526f10d63452cd621c53b02a804be6
1922692,Going Wild,,1,1930,,G5243,,,,,ef6bc1277f1ce4c2bee6078bac1fb8e8
37218,Bad Word,,7,2002,,B363,37204,1,11,,6f595dba5b5cc034e8534706365e923d
1221357,Bridgehead,,7,1977,,B6323,1221352,3,5,,7db2c94ea0eb7083bbae7f5e40a29b14
84714,(#1.248),,7,2011,,,84548,1,248,,374eb4877c96b232566c7fd4588ab919
192405,Thiemes Karriere,,7,1982,,T526,192389,1,6,,3d109c8aea8ea1426f22f57aadd49dfc
45088,Dating,,7,2012,,D352,45086,1,2,,5cace843b5f872c15b375e3e8077c928
1901443,Frankie D.,,1,1996,,F6523,,,,,dab92cedf7ccf82517f86c8e39f98f69
35746,(2011-11-24),,7,2011,,,35537,,,,4b8093f08d1a9de5880edadb265ccda1
1700743,At War with the Ants,,1,2010,,A3635,,,,,7c97ee1538cb02a40f26b45b86e52ae4
1509384,(2004-12-06),,7,2004,,,1509021,,,,fc3eb693e1606d7b2f242a37da9a18c6
2234574,Reality in the Ring: Filming Rocky's Final Fight,,4,2007,,R4353,,,,,4ce6b53567b11e0a4c29b05e4915263a
171080,(1994-10-06),,7,1994,,,171034,,,,a713adfa45febc26cd3f3da6293006d3
2323712,Surreal Lounge,,1,2012,,S6452,,,,,c2ee8fbcd60e89994261b3287ebf7ec5
179862,(2010-01-13),,7,2010,,,178599,,,,6814752dc14b09dbcb2e868600b1afd7
76792,(#1.103),,7,2005,,,76786,1,103,,2c8f5102bc50bd6023b6192a1a9f8439
2342383,The 42nd Annual New York Emmy Awards,,3,1999,,N3545,,,,,0d7412f1236b527a91c7769aded3c835
2789,Conductoras vs Conductores,,7,2004,,C5323,2786,1,5,,85ea0593259bb13d82ea609586c41a14
1995110,Jaht,,1,1985,,J3,,,,,78be98953b5cf605bf272ccf28b234b0
81597,(#1.18),,7,,,,81593,1,18,,ef27e74abd86ad99ebd345460f71dbd5
99930,(2011-06-20),,7,2011,,,99703,,,,cf2eb0e56cc75e49cf9738b240e0ddc2
96197,(#1.8),,7,2009,,,96154,1,8,,45da161fc80aa4aadc0f0d5862c8b41f
64708,Incredible Results,,7,1976,,I5263,64658,,,,f2cd88fa8b96a0e6aab919bdefbfcc88
2271486,Seen and Not Seen,,4,2012,,S5353,,,,,c113afade379e54fc980af261b005c50
1678000,Alone Together,,1,2013,,A4532,,,,,0c1358869ad7c9d5861680a4b5e89eb1
961393,The Zappys,,7,1998,,Z12,961346,,,,642feec8892c290f941f7d031250d152
87481,(1995-08-04),,7,1995,,,87087,,,,b027d5f032505d4ff5b5df2acecaf562
1541798,Zerbrochene Traume,,7,2011,,Z6162,1539020,1,3816,,4c3887da675d02333fcab9df2c94d566
967708,Catholic Condom Ban,,7,2007,,C3425,967642,1,115,,5c930f95eb4d586503a5ceeae6c0d1bf
2123601,Mitsuomote yume no sutagae,,1,2000,,M3253,,,,,bc7bf644a64c97df74ec84db5cab1269
2091123,Lycée Moderne de l'Amitié,,1,2012,,L2536,,,,,4db28123c3fd01de2be35387aab0bb03
195975,Caillou Flies a Plane,,7,1997,,C4142,195940,,,,5672f483af0bd5be4a3a6d5edc1a2999
2149146,Nel paese di Gesù,,1,1911,,N4123,,,,,148b4294ea2f3957ce0a9c5edf693b53
92252,Anyplace Wild,,2,1997,,A5142,,,,1997-????,8fa69ff084c87a24b195cff1a1279965
987463,Preteky,,7,2008,,P632,986902,1,18,,4702fcfba94fd90037e54cbd2600f7a1
177384,Yellow for Courage,,7,1966,,Y4162,177336,2,23,,7e3554463ed81a2710ff8189d1019e16
1250620,(1998-04-10),,7,1998,,,1249971,,,,97e074a3a68660039b2819bbae823983
1530939,Tunnel Vision,,7,2007,,T5412,1530924,1,7,,24e917eafb61726aed9ca4bf458df78b
1444916,(2004-04-07),,7,2004,,,1444802,,,,ca2013a5284b83e051496cf021fa25cd
1709354,Badlands,,1,1973,,B3453,,,,,4743943bad09ceaa8bdf3fca0583a2e5
162880,Horizon,,7,1979,,H625,162861,2,4,,b0ba13fafa9ec84524d3354f3fef4b7c
2436101,Tiger Woods PGA Tour 10,,6,2009,,T2632,,,,,98e7ea5327162e6a07409fb8225fe122
1151370,(#1.4),,7,2001,,,1151366,1,4,,edbb1b2b4c879d7c2f35ff9ab3f81163
117839,(#1.1298),,7,,,,117506,1,1298,,85d041b3de01621ebe3837d01c1df50c
142018,(#1.94),,7,2009,,,141924,1,94,,740c396229122a773ac0648da7e85472
1292547,(#1.4568),,7,2005,,,1289444,1,4568,,53774b70cfa7861b9e4add0c8a955013
114754,Auditions: Sydney,,7,2005,,A3523,114735,3,4,,abdcfcdf255d52857c8229f8b56f1658
1620402,(2006-03-16),,7,2006,,,1620196,,,,20fbd1b721e0aa55cdd5cb684335786b
73976,Let's Learn About Ruben and Clay!,,7,2003,,L3246,73710,2,38,,3c77b7d2262c694c1480b4c41c02f4e4
45189,Diplomaatti,,7,2007,,D1453,45188,1,3,,741fb4ec3a17fe8af33aba7e9b17f94b
2215489,Prema Parva,,1,1983,,P6516,,,,,9c9de1b8846b6b7bd916fc3b5747308d
818613,(#1.29),,7,2000,,,818539,1,29,,201bfa6d52fe155bc1172126adb87390
8922,Day 5: 2:00 a.m.-3:00 a.m.,,7,2006,,D5,8805,5,20,,430ee6781ce6cfbf97e766bd342a9faf
41785,Five Short Graybles,,7,2012,,F1263,41754,4,2,,72a6c723458844282d743259c2237a40
2029694,Kylie Minogue: Body Language Live,,4,2004,,K4521,,,,,aa49abafab7bff9dcda986579d777421
43741,(2012-06-05),,7,2012,,,43320,,,,9c0232d15edf94a59718aa9a8d35fcef
1425376,Drag Act,,7,1978,,D623,1425365,4,3,,381602923719b7de9bb29dbf72f9ca23
1415938,Dead Certain,,7,1997,,D3263,1415931,3,10,,4f6fdae52f190b64b5fd5a988f4f4c21
2087602,Love Thy Neighbour,,1,1973,,L1352,,,,,3e3aa93b312d9c79b088d7f316d3b110
1683004,Amíg a tavasz újra eljön,,1,1960,,A5231,,,,,bb159aa2eea269d78b733d501b1cd5b1
1586862,Wildlife Nannies,,2,2007,,W4341,,,,2007-2008,6d30a626c733f0d2429681c392ffcda0
2444925,Tough Guy,,1,2013,,T2,,,,,21459344725353d1e31b2d32a9df9bbb
660843,"A Question of Happiness #2: Another Port, Another Storm",,7,1964,,Q2351,660762,9,37,,faf50026ee2d46d391ebedf926145335
274193,(#1.5230),,7,,,,269496,1,5230,,1fae2528936188ace2a339954f48e03a
53097,(2011-09-30),,7,2011,,,53071,,,,173226e49b01d7779dae5e8e1edb7c3f
131862,A Picture of Death,,7,1960,,P2361,131856,2,14,,d9005ca985ffbdc83e8ef77544d83762
24194,Quem é Morto Sempre Aparece,,7,2004,,Q5632,23829,4,23,,5d3f07cfe6affd7a2e7944a97e910637
228035,Chicaboom,,2,1977,,C215,,,,1977-????,4a05731001a3eb76760b5b2ba4d1740d
100941,Art in Progress: Tony Oursler,,7,2005,,A6351,100933,,,,37628031d7d93726c79626e51d3854b3
2304408,Spandexmann,,1,2007,,S1532,,,,,39628acafb3c44ead4e02fe900a89264
557578,Pijamot Ba-Reshet,,7,2004,,P2531,557452,2,7,,a7374ab4bcdffec71e69a89e25fab251
2457719,Tôsatsu maruna love hotel,,1,1992,,T2325,,,,,24e682bc6aa66d9cc581b7a6ac8c0045
105416,(2004-01-29),,7,2004,,,103385,,,,1a5581f9ebb6932abd3b745842b2071e
6809,"Tricksen, tarnen, täuschen - Der Machtkampf um Hartz-IV",,7,2011,,T6253,6772,3,15,,9f3bdea6732a2c70cdc0df6b96c73422
106343,(#1.101),,7,,,,106339,1,101,,7fe2f63e1ce84600ae765d7e33aa2ef0
766465,Alec Baldwin/Debbie Parkhurst & Toby/LCD Soundsystem,,7,2007,,A4214,764216,,,,6f5d9430f27ab8c4c5da420f7507eebd
1632515,Esimene jagu,,7,1993,,E252,1632378,1,1,,b1fc84c0838f23824061e6b9200ae36b
811450,El idolo,,7,2011,,I34,811444,1,5,,c76ca79e4041bac1c7ec56d13a0f5498
1673796,Alfalfa's Double,,1,1940,,A4141,,,,,fdbdfdccdf9f2216366a1e3ae805bc0c
2163521,Nuts for Mutts,,3,2004,,N3216,,,,,f8ca91603a52fb0e677328677239e802
1375939,(2013-03-01),,7,2013,,,1375914,,,,2d876a1db17d6eef70783a65e39112c3
128796,(1999-11-04),,7,1999,,,128714,,,,360e5dc9984057bceebb5cb2b49e4369
96203,Arbeitersaga,,2,1988,,A6136,,,,1988-????,8d409996a64780aded02aa111ca6668e
2220467,Prom Queen: The Homecoming,,1,2012,,P6525,,,,,a54e383be9b062fae6a87fd8342dbef3
820619,Computer können nicht lachen,,7,1986,,C5136,820605,5,5,,d1b68a6679b3ab5f7969ff038b39b797
1788265,Cool as Hell,,1,2013,,C424,,,,,ffe65249cd0a0d5a1d48c6513760fa8b
76935,(#1.87),,7,2005,,,76786,1,87,,08059640af923ce02e64a706260c6ad6
1951621,His Nimble Twist,,1,1918,,H2514,,,,,558c251fd54dee960d9f32e9cfa07116
123943,A Living Doll,,7,1996,,L1523,123942,1,6,,de0dff048b8725c2a07ed9194977b4fe
1692289,Apo to monadiko sto pollaplo,,1,1993,,A1353,,,,,b01173ca3df3a0206bf66e3e0d25a29a
1223109,(1968-08-27),,7,1968,,,1222059,,,,ec8bf1c953ed3db9a8f317827d8506d8
175143,Cockroach City,,7,2012,,C2623,175137,1,19,,effbdae2bc8fb7a27808a455bbc841eb
123092,(#1.26),,7,2011,,,122913,1,26,,73000024eb54bc3601627ab4e4ca07f1
1551327,(2001-03-18),,7,2001,,,1551264,,,,73ffce089637ee82f70802c952f63272
85665,Poveri noi,,7,2011,,P165,85656,2,2,,75f4ff1877ce313cfdde1f2dcf39dad0
2025555,Konzert im Freien,,1,2001,,K5263,,,,,02b4447994acd1bb14f4e6dd36c3f181
2172294,Ollywoo,,1,1994,,O4,,,,,e8eedddd603cc3f6dd738f71286984ca
1779895,Clover,,1,1999,,C416,,,,,3e2f8d99c5f10d7b5cd3c32da8f7d5e5
176531,Big Man in Tin Can,,7,1959,,B2535,176514,2,21,,cb1a1d565cd089d07cad1adb6ee7abac
169129,La ciencia ficcion Espanola,,7,2007,,C5212,169040,5,68,,56a67efe17caa04587018265d4b65ebc
105629,(2005-09-23),,7,2005,,,103385,,,,02eb1a2ff3e4b1c6879efffea826eaf6
696515,Veronica Can't Hide Her Feelings for Rafael,,7,2012,,V6525,696401,1,8,,11bf478f064ba5653a1c826f30dfdb54
54634,Fifteen Minutes,,7,2006,,F1353,54632,1,6,,ece40374cf9acc4dc235b41e1b9efe20
537868,2011 03 20,,7,2011,,,536744,,,,b5f26ca9670a890a6ffbf4206790ae7b
2423734,The Vanishing Shadow,,1,1934,,V5252,,,,,ba40a950170de42262ff7c5d2fda727a
1648643,A Filipino Cock Fight,,1,1901,,F4152,,,,,8ab6cc0f38bcf473fc713964b24fc7e4
732665,(2000-02-14),,7,2000,,,732001,,,,ef3ae614e6074a3e8c0e29505e4c4945
325659,(#3.1),,7,2006,,,325608,3,1,,2cb7cbfc8dec84d0784a42451fb773ff
43704,(2012-03-20),,7,2012,,,43320,,,,9618f0f033ab4eeafce43028bf645bc8
154675,Lea Thompson/Ciara/Karmin,,7,2012,,L3512,154463,6,11,,b169d3e06dd0e1a1e58ef10da68e9d21
905110,Meurtre entre amies,,7,2009,,M6365,905079,3,6,,0e78c24da13300d59dcdf701e288514f
2212832,Post,,1,2003,,P23,,,,,56c22017a67450da7a5fc301bc046d2d
313225,(#1.5),,7,2007,,,313220,1,5,,77338504c914f00a44eb39d36186d84c
113943,(#2.3),,7,2009,,,113934,2,3,,dc27ca2af8c102c7320dd7b936ad0907
155348,(#1.1),,7,,,,155347,1,1,,f2a3f471ac5126ee7f3879e1191c2950
54657,"I, Pierce",,7,,,I162,54649,1,21,,4d355eb52056dda1305bdb4b7cd2dfe4
71552,The Girl Who Goes Ballistic,,7,2004,,G6421,71412,3,10,,58637526da02d9e644be63a9a3f54591
2406257,The Real Jurassic Park,,3,1993,,R4262,,,,,4f9ae51ea3e43dd437de2ee7830ef3aa
446652,(2005-03-18),,7,2005,,,446545,,,,430b28fa95ede7d7bc292662748ad5e1
1834097,Dirty,II,1,2011,,D63,,,,,691a366c184792e7cb90bf79e08016d1
2298646,Sold My Soul,,1,2007,,S4352,,,,,5aeaf06ce8beaf7f21cd3407e0e60aac
119932,B. Original with Kids' Decor,,7,2006,,B6254,119910,,,,fbb813e334afd781113d879f9af33797
1760113,Careless,,1,2011,,C642,,,,,56836f13e912f8c0169dcf7b28e3bb46
1847034,Drra på - kul grej på väg till Götet,,1,1967,,D6124,,,,,1761cd2f836de5e4c50cb015113230cb
91665,Sherborne,,7,,,S6165,91279,25,20,,c1dad75d6514f861ef7bffdb46c892e1
34561,Falso embarazo,,7,2012,,F4251,34490,1,40,,bd67a46ea31a3bfa292e06843ecba0ab
73886,Auditions: Miami,,7,2008,,A3525,73710,7,6,,f05ded8c9d12be603d71ee70e0181b19
2175066,One Crummy Night... Stand,,1,2011,,O5265,,,,,edbfd8609ac7d9f7c031a3b984814275
4008,Farbenspiele 1966-1970,,7,2005,,F6152,4006,1,3,,0aa19e58d7156d6a214f7aa732719be4
1529830,(2009-08-05),,7,2009,,,1529406,,,,3b0499261e6df83532a669160d92da27
404361,The Dead Letter,,7,1991,,D3436,404350,1,8,,6ddbc84fe6db46694b66174ee37cb677
2320205,Suknyeo chonyeonsaeng,,1,1974,,S2525,,,,,08e3c77569a0e7bd50ae3e0bb902491e
678206,(#4.231),,7,2006,,,677246,4,231,,dd4c5c568acb94ae052491e56f47c4f9
1003680,(2007-06-28),,7,2007,,,1003531,,,,1a4ec8887140ba06a6b6573ec72a560d
1398989,The Ghost Writer,,7,1955,,G2363,1398813,7,19,,810f102863b85b9fa4e46f8991fd0951
943,Encounter,,7,2002,,E5253,934,1,6,,22f90fecb3b7cfb83624e496a1a2dcdb
1798746,D'Love,,1,2010,,D41,,,,,43e01e72ef6b9e65c47ec7f62f8106c2
159367,Mama Cass,,7,2003,,M52,158683,,,,e774f93df9b533b1f6c2c8dd20ff5539
139723,Parkinson's Disease,,7,2008,,P6252,139678,2,4,,7b0bb9e9a1d95713c27bda626e3f15ba
2207997,Pockej az zhasnu,,3,2002,,P25,,,,,dd56c7cc2b77eaa74d790d17c909ccd4
1214462,(2007-04-20),,7,2007,,,1214256,,,,86683a132ec9a6ee6df6f17a48134c3a
1190479,Allan 'Skabb' Tonelli,,7,2011,,A4521,1190476,1,5,,9c460b30036bf77a52830e110d92c1ba
636041,Vacances vers l'avenir,,7,2013,,V2521,636027,4,2,,7969fb80cba2658bb0d53d4ac7299ec3
1821875,Dermot Morgan Live,,4,1994,,D6535,,,,,72a33dddf715648509ec898642c3c909
744111,"Belgrado, tiempos de paz",,7,2004,,B4263,744078,,,,8306827de5c9b0665960c4e278f2a3f3
1829428,Die krumme Liese,,1,1918,,K6542,,,,,0d9bd3787ee5034ff0c325a6a89521a0
82304,(#6.25),,7,1980,,,82255,6,25,,b9af26b2498fba33a6cbd1a6a71472ed
171398,Stallion,,7,1972,,S345,171195,14,8,,702cd390dc88bdd36b7238e5bb50f6a4
378990,Love Makes the World Go 'Round... or Is It Money?,,7,1993,,L1523,378941,4,19,,0d5c5341e42c4a958f23676cecb29439
131789,(#1.31),,7,2001,,,131764,1,31,,27dd968dcc9cc7e364da033da7fbad95
188464,Norfolk,,7,2007,,N6142,188443,3,5,,00ed0bea52e7e7fad5a3f51c8bc0e0b8
182463,Irish Baby,,7,2005,,I621,182425,,,,a38f4a6b9a8fba73f650539c57f06d52
1484389,TOME: Terrain of Magical Expertise,,2,2011,,T5365,,,,2011-????,51b13e90b70d9128ba525219b6b67f5e
790292,Basshunter: All I Ever Wanted,,7,2008,,B2536,790289,1,16,,a6b95a23cd788c61b2dc753c6a986892
2410613,The Scion Factor,,4,2009,,S2512,,,,,30a2dd1e87d163c381f3295409bffecf
448492,(1995-12-15),,7,1995,,,448433,,,,67e62cdb47fc432fc56534e46770275f
142828,(2006-02-02),,7,2006,,,142752,,,,8833be660537da5063a83f18ced31fe9
2481024,Visions of a Nag,,1,1909,,V2521,,,,,8f143dde1439a8560c3c0f489411327f
455436,Evroekloges Mega 2009,,2,2009,,E1624,,,,2009-????,8fbde72f2b24e185220497e301ba81b4
2116855,Michael McDermott: From 620 to Gethsemane - Live at Lincoln Hall,,4,2012,,M2452,,,,,81205b733994597662accf829bdd7f5a
1676116,All Star Melody Masters,,1,1943,,A4236,,,,,e6d3d759fe4afc5a60e2a6f99ceed58a
2121404,Mirth and Magic,,1,1928,,M6353,,,,,cc298a6672a7c599267371c1fa8e6b5e
1084576,(2005-07-19),,7,2005,,,1084129,,,,995256e61097729e476e0e1a81ecc3e5
1556895,Dzien dziecka,,7,1989,,D2532,1556875,1,22,,4c68b3a75808be1eeeaf0348c4b5dec8
110418,Little Treasures,,7,2003,,L3436,110406,1,22,,29717840bbb9757023e862453ff99380
917012,Neko to yûjinchô,,7,2008,,N2325,916979,1,1,,fa42f0e79c715cda20982516721b6a98
2123463,Mit und ohne Begleitung,,3,1954,,M3535,,,,,449782b39ebab0fec7aeaf70cbb1afb7
1255106,(2005-03-30),,7,2005,,,1251514,,,,a8ecf11115369f4f2bfdfe2638ca4073
146433,(#10.4),,7,2003,,,146429,10,4,,eeef6dfdd59056778501d91071fe94c0
721140,Hyenas Are Cool!,,7,1996,,H5262,721123,1,29,,b3118b3d058382ce99317715c24f8a57
1350360,George and Louise in a Bind: Part 1,,7,1978,,G6253,1350303,4,23,,ef356056372444ffa4dbbee7ea5e1b5d
38253,(2008-06-04),,7,2008,,,38084,,,,51b77d77544f4cbb0ffa206b3c44c70b
2511494,Year Out: Year in 1967,,3,1967,,Y6365,,,,,ccf1bb2d282b41d99124a8e243b8b0e8
1800860,Dalla vita di Piero,,1,1982,,D4131,,,,,291f64f19c6a431d5d23793cd760f451
56302,(#1.10526),,7,2010,,,55774,1,10526,,3088a0207fb3abefdd8e749c4e2f7d8d
158472,(#1.6),,7,2005,,,158450,1,6,,dcdb7d5ce53f9bf88c5d70406a29d863
114958,Up Close & Personal Special,,7,2004,,U1242,114735,2,29,,0c64e59292077ff0d74f69682acb77bd
136413,(2010-01-13),,7,2010,,,136411,,,,dfa812f4906e90ffe01b9123c3b81481
743479,(#6.105),,7,2008,,,743435,6,105,,b4df72b3f4465554a6f5853b3abd5e16
94857,(2001-11-23),,7,2001,,,94664,,,,eed6f4d08558e7311fd36c209ab9185d
2122419,Miss USA,,3,2003,,M2,,,,,ee561e14621ba29ee8702527dc308530
459823,(#1.21),,7,2011,,,459814,1,21,,b01fbb197593eade0d762e9f05083b1b
599890,(#1.1572),,7,1994,,,599479,1,1572,,aa5ac22f7067f1b9b3cb641297ed34c0
2150899,New Black Cheerleader Search 13,,4,2010,,N1426,,,,,1a544061f06b8d0a1167d6e524156e53
878138,Strictly Business,,7,1994,,S3623,878112,1,5,,93eb7eae6906e065424245e154b20223
1814221,Deep Stuff,,1,1925,,D1231,,,,,523429cee23ffd1b7856ce59584f58d4
2209001,Pokryeokeun eobtda,,1,1975,,P2625,,,,,51fd0f1b404531655535fb78794000fa
774301,(1997-04-18),,7,1997,,,774244,,,,6e8828ce3ccbd09343a985b1e3fec73c
129819,Honeymoon with Death,,7,1975,,H53,129744,4,5,,c6f480a04e6495b3757258e26fd2e12f
2002416,John Doe Short Film,,1,2011,,J5326,,,,,10e58eaf5f91caf8932b5534503131c5
60080,Struppi und der kleine Bruder,,7,1969,,S3615,60069,1,5,,bdda5ad5328812667c4653c863ee4a0c
55147,The Scare,,7,2001,,S26,55135,1,10,,aef0cee1212616179b9d4572ee3bec1c
2059036,Le frère de José,,1,2006,,F632,,,,,113e666739d6c05d4083d6eef25f2aad
198324,(1999-02-23),,7,1999,,,198109,,,,5ba49b881dc0d2b59b9cc23190c8d6e6
145951,(#1.1),,7,2000,,,145950,1,1,,ec452beead0aa33b92ffcc00fa16cf69
1864384,Elektrobosna,,1,1984,,E4236,,,,,48e8ed18d09a188f43fdfeb4799db58d
126355,(#12.51),,7,1969,,,126283,12,51,,6128818f3af80bfcc2afd7659b9860c6
2074751,Lighthouse,I,1,2010,,L232,,,,,ce18d5e25f974a302feef37892cd0ae2
9048,(#1.21),,7,2008,,,9046,1,21,,30915fdc00ce11febbc684a36bc68536
2236648,Redemption,III,1,2014,,R3513,,,,,1d1106b769a11b6db60045ae66474ea3
424370,Freiwillige vor,,7,2007,,F6421,424222,1,193,,5947aa5a9b10786a600df359f8c88681
195871,(2008-01-09),,7,2008,,,195563,,,,cff929514a72920470fcfe2ff98e9bff
2168715,Odhalenie Alzbety Báthorycky,,1,1965,,O3454,,,,,c1af7db9515d0e0834a22b328aaae4f9
72354,Free Rick,,7,2011,,F62,72345,2,19,,10feeccc19fa06cbc165481492fd06b7
124954,(#1.3),,7,1989,,,124950,1,3,,1c5d97c9bfaf9b34e313a1ef9da799ea
2403303,The Potentials,,1,2011,,P3534,,,,,39f826083947959686eff62c2901801e
112461,La queue du diable,,7,1980,,Q314,112272,,,,be5481f850bc3c6d8f11407fc4589940
977225,Whisper Down the Lane,,7,2009,,W2163,977159,1,11,,bd61202c7608af3f286206e28e5509d6
1699873,Astero,,1,1929,,A236,,,,,cc60a1a53517eed16a3b7c9cad09b097
24356,Kilopták a kislányomat a babakocsiból!,,7,2012,,K4132,24345,1,11,,bb6b8c0e5832911f73869a477c10de36
40610,(#3.3),,7,2013,,,40580,3,3,,7fecd4d278753cf14cd57e45f0646d92
145117,The Motorboat,,7,,,M3613,145076,,,,56b4a0b575dc7c5bb1c17557e91afb5a
862477,(#2.7),,7,1961,,,862447,2,7,,7fa61358246aa4d4f77d9f3f3deaeeb8
23127,A Família Boaventura,,2,1956,,F5415,,,,1956-????,61a79c724ded62c245d7ccaa1eeafdb6
1687169,Andy Hardy Comes Home,,1,1958,,A5363,,,,,d12d2c11449ffe471a2b52fd5ae4c791
794502,(2006-02-14),,7,2006,,,793763,,,,bd79ed35ac483cc1dc87b63fee3b36d2
2315204,Straight Through the Earth,,1,1921,,S3623,,,,,262c4b2ac7f188ac0c73351eeadb3259
546873,(#2.92),,7,1992,,,546781,2,92,,74fb4e5795fa56a76035f4d87e3bb4b4
174315,Lo scalatore delle Ande,,7,2007,,S2436,174287,1,3,,973ed3fd62c13574bb8a8a5a7eee9308
2227368,Queen's Lancers Entraining Their Horses at Port Elizabeth,,1,1900,,Q5245,,,,,ccf301d56e83f278abaf4de2bbc4f5fa
2237605,Regresa,,1,2010,,R262,,,,,ad9b8990dcf4a3a3b528408860da7bd9
59280,(#1.5),,7,2006,,,59275,1,5,,b1a455743d6244438af4e033aa8406b0
32988,(2013-03-03),,7,2013,,,32442,,,,e377612c0484d42960a221d5caeec951
1628486,(2003-03-06),,7,2003,,,1628479,,,,0b78e33ab658cd7708e05c61874b8ccf
1792788,Cremains,,4,2001,,C652,,,,,d375e92a2a7d9c071a1fdfa2e157cc2e
142755,(2005-11-09),,7,2005,,,142752,,,,610d7812a1ef1b91353bef5f4951ca3f
2339453,Terror i Rock 'n' Roll Önsjön,,4,2001,,T6256,,,,,6f92147d001225228e35b97cdce17a3e
1544459,Soul Food,,7,,,S413,1544456,,,,4155a70d8b73dfa50bbe75c2438a7e70
141034,Safe House,,7,2012,,S12,141013,,,,28e8e2c4751ab91c8a268e24f2c73c2f
2024041,Kohtaamisia Kuubassa,,1,2007,,K3521,,,,,fe9951eb71e7449c113751d330e39001
1347251,The Wrong Box,,7,2012,,W6521,1347239,1,4,,93295ca849b5bef291cc8cd92a06063e
86191,(#1.29),,7,2008,,,86169,1,29,,0b37ffee01b13b41ced692f0e65bf12f
95682,(1995-12-22),,7,1995,,,95670,,,,16903230b94aa0a48fe17769d8e35b9c
110010,25 Years of Margaret & David,,7,2011,,Y6215,109984,8,38,,1672ff7fb1ec6c7994514f65e1c35226
125118,High-Flying Rookie,,7,1976,,H2145,125116,1,3,,64433c565fa5ee2d5ddfada4f8316d7a
2057103,Le café des pécheurs,,1,2007,,C1321,,,,,4eef3f3e130cfdf1a8eac44814fe2af1
997693,(2003-04-15),,7,2003,,,997047,,,,0bef71efd47a69d3afeacbe93f1ca549
534096,Aflevering 3917,,7,2009,,A1416,532680,20,47,,b29a093a7c90bc79014cd5c4994ac773
111325,(#1.767),,7,2008,,,111095,1,767,,dbf1ec01f25cde4690e72af62b022f53
1780877,Cock Smokin' Blowjobs 5,,4,2008,,C2525,,,,,774a5782f7872317f4a2678a195ca70d
86207,Annemi hatirliyorum,,2,1977,,A5364,,,,1977-????,b79b552cf1b74926abfba6493e7d3cd2
53538,De watersnood,,7,1990,,W3625,53511,2,18,,a16bbf59ee573882feeae7c8018fa490
74864,(2007-08-31),,7,2007,,,74718,,,,9fe46e78d340ea8626b8561d72ec6aed
32599,(2012-02-07),,7,2012,,,32442,,,,863d63ca0cee3e4006f98826f0eb00dc
152298,(#1.37),,7,2000,,,152267,1,37,,0ffe3ce668e9a3a9ab8a331ae20e45cc
65805,(2011-02-14),,7,2011,,,65509,,,,54e03fe72baf07857a63ef7d6c4b0980
1475515,H mnhmh tis Medousas: Part 2,,7,2006,,H5325,1475489,,,,0e3cd1833d551c6feabb6485082d6d5c
1855,Dog Alone,,7,2009,,D245,1852,1,6,,175782a6b387acd7c1435bb915f1725b
866558,(1990-09-17),,7,1990,,,866438,,,,4c0aeca9add0cbbddefd2f4d9a653de3
9926,The Jarman Award: The Necromancers,,7,2010,,J6563,9883,,,,af721699c5f57f3d188e241298b51f5d
2107096,MATHster Frog,,6,2010,,M3236,,,,,2bb14dd7c738da98a65935dd471e6696
2097133,Make-Up,,1,2008,,M21,,,,,7b5b073c85ec42941577a0715430b910
130117,Keep on Truckin',,7,2004,,K1536,129983,9,9,,ca5047430d2fe4cfdf9498156c6267d4
1098845,Golpe bajo (Low Blow),,7,2011,,G4124,1098839,1,7,,0dcf7ed41a791f5f9e12866f86d73047
189120,(#3.22),,7,1984,,,189078,3,22,,d3d4573ac80a963c8bbc6c0a99d5fdd4
150255,Bibi Blocksberg im Dschungel,,7,1997,,B1421,150250,1,6,,f2ecb9610b7d7da93940891afd4a8651
2509166,Xiao shi yi lang,,1,1978,,X2452,,,,,6014bf22a03a37faad49f41f281229ef
68943,Missing Tools/Funeral Singer,,7,2012,,M2523,68757,3,7,,2c7caf791bdd030d3fae6bf1c87e56a2
2427510,The Witch's Hat,,4,2010,,W323,,,,,05acabf3f8628f7328190c5362bfa71c
2521346,Zorla evlendik,,1,1963,,Z6414,,,,,e0dba45809da3a92fc22053e6d8cdaa3
198093,(#1.85),,7,,,,197955,1,85,,6cc275d74441cad999043eee9131043f
180583,Decision Time,,7,2012,,D2535,180581,1,8,,68009b4c96e1e9228c22171b8460b306
654640,"Enter Bankotsu, the Leader of the Band of Seven",,7,2003,,E5361,654621,5,11,,c7f1055197293e9dcf303c08ae75480c
2092052,M.i.l.t.f. 12,,4,2004,,M431,,,,,f0fdc74577eddc8060017d30550c97c6
44472,E Pluribus Unum,,7,1993,,E1461,44469,1,7,,cf1a06f3b9a556a5b20306ab6df2a9b7
178658,(2001-09-06),,7,2001,,,178599,,,,1377141468ad57bf6617a26efc759e39
197944,(2013-01-28),,7,2013,,,197899,,,,0367ccc176e0f07653a31a1ed869966d
1574118,(1954-11-28),,7,1954,,,1573884,,,,79402492f6c9bddea3c2e56aa7cda3be
107630,De webcammoord,,7,2007,,W1256,107585,3,2,,96eaf92827f6cb4b53bbb68a7c10f229
1531759,Mass Media,,7,2008,,M253,1531744,1,19,,245577674e6c129f5d97a92470af5d1d
775432,(#1.116),,7,2011,,,775412,1,116,,2f55dc9d11d58aaded48eeb051ed07a5
82595,(#1.12),,7,2011,,,82591,1,12,,62ca195590cd4456471d7c2856454576
2419109,The Terminals,,1,2009,,T6542,,,,,c2a6b8700b737b8335a4a243e84186da
45173,Agria paidia,,2,2008,,A2613,,,,2008-????,78d95971971f8d5f65b601134aad8ce9
2183880,Outlook,,1,2011,,O342,,,,,7fe7dd4c488038fd0f27f2a45fd8f4ab
1302022,(2012-01-05),,7,2012,,,1299750,,,,bb8035dba3d6e1c7216234055ae5faf0
74356,The Wife Who Knew Too Much,,7,,,W1253,74241,,,,509278f955ab126d2d1c90ac4807dd71
2245853,Rivers Return,,1,2011,,R1626,,,,,9bbd8578f1dd5fbdcc1cf7e18d2932d4
1064700,"Kotobo ijô, otona miman",,7,2005,,K3123,1064693,1,9,,eac067156fb9f9f2142f2842131fcb59
119296,"Danzad, danzad, malditas",,7,2008,,D5235,119249,5,22,,eea2213070085feb85700d2acd1f44a2
31562,(#1.7),,7,2005,,,31555,1,7,,af9b8cbeb23c77428b0788d6c7e20db9
227432,(2009-11-25),,7,2009,,,226535,,,,d6c93cb99065ec1f0777b849083dcd13
68168,The Gangs of Iraq,,7,,,G5216,68151,1,4,,8084dfaa8fc5132647f54a1b4154b7af
743065,La montagne du Hollandais,,2,1992,,M5325,,,,1992-1994,30f901feba48c326ab50965801f3f1ad
1760352,Carla,,1,2000,,C64,,,,,2b60ca0798ecb08c7c60c97918e7abec
1515695,(#1.113),,7,,,,1515678,1,113,,bd3fd4af359f5a5526764aa9eee57795
1966437,I anthopolis ton Athinon,,1,1945,,A5314,,,,,ba2ccd63b8b34703b535c7a18b92b657
29831,(2005-05-04),,7,2005,,,29216,,,,467799d7b370c7522ff9bcc45e9e5648
1543134,(#13.26),,7,2011,,,1543008,13,26,,5344f25d1dfb56170ad2f63632f1dcd2
2407498,The Return of Bruno,,3,1987,,R3651,,,,,9192a52a75567d752a47bff9928f6fc8
2368988,The Firm Man,,1,1975,,F65,,,,,868e50ff57fec6fb082292f1e242f846
1385068,(#28.8),,7,1999,,,1381096,28,8,,9b73dbb390fdbc1ac3ee73ffd35540d9
90183,(2005-02-06),,7,2005,,,87087,,,,f2b3403a8279c08dd9e8c4aa9bd71859
337729,Saigo no kubinagaryú,,7,2007,,S2521,337707,1,13,,7c0543717952a505aef0fbd87a4119a0
34294,Die Sommergäste kommen,,7,2005,,S5623,34290,1,2,,fe04b50dea97916f1775d18d3f9d2fa7
981397,Standing Stones,,7,1969,,S3535,981389,,,,8a2744afb4485e0dec85ad9887f6417a
2412735,The Short Films of David Lynch,,4,2002,,S6314,,,,,70ff9e1f79d3cf5a684502055ea5cf21
60869,Allez à L.A.!,,2,2008,,A424,,,,2008-????,a57a0e7e60c1644a9742ddb45cba3980
2232092,Rangila Mazdoor,,1,1938,,R5245,,,,,4eec105395cd138704a5e9fe4fba7c28
2447539,Transports and Water Carts Crossing Vaal River,,1,1900,,T6521,,,,,82396178b2ecaf155844d1ded9905609
1595,I Thought I Knew You,,7,2003,,T2325,1576,1,4,,4dbac8026222048a1ed7caff61904fd2
2208904,Poker Roulette,,6,1990,,P2643,,,,,f825fc06f8c1af8388cbf1ff7850c39e
2299622,Some Boy,,1,1917,,S51,,,,,948afdacfbe47ce1b1dfac1cdb089057
109995,(#1.9),,7,2004,,,109984,1,9,,ac8e44ad8ae8d94bb97ac787294fb260
1966894,I diabolici,,1,1921,,D142,,,,,6b31ed5ad836cdac330cdde89be14bf9
258951,(2005-04-14),,7,2005,,,258821,,,,3a38320c599af2f16ef84fe0044b55c7
1118262,El estado del malestar,,7,2011,,E2345,1118238,,,,efd45281fb174f1ff2820ab26898e772
1395397,Hollywood Hills Adobe,,7,2010,,H4342,1395378,1,9,,1acb7384e21590acf809f559f5d879aa
151034,The Hiccups,,7,2011,,H212,150977,3,13,,7dcd3562bde1b48610294f677ca505cd
142008,(#1.85),,7,2009,,,141924,1,85,,45eeab3e1852108b7d313fe396cfefd6
66638,Manolita se sorprendre al verse al periódico,,7,2010,,M5432,65509,,,,a2d72c55c3b53abc63a1ccb390d1ea54
2084671,Lost and Found in Armenia,,1,2012,,L2353,,,,,57b04c8db878e504f0b599670ecf7345
253342,The Living Room Blues,,7,2008,,L1526,253311,3,3,,f816c7e800e22b33b1fb5221b4be000c
114936,Top 8 Performance Show: Disco,,7,2006,,T1616,114735,4,22,,feb4d24b208b65bfda67b9475361477a
2319584,Suffering Fools,,4,2011,,S1652,,,,,ec19a3c01e987de71f6a59a910ca5626
551503,Dream On,,7,2001,,D65,551480,2,2,,28299e9d020cbd1f3661c5b4b5a97749
74586,Jasper Johns: Ideas in Paint,,7,1989,,J2162,74512,4,6,,dda20c82f774bb2f22d0f8bd998e9b38
1281959,(2009-04-28),,7,2009,,,1281841,,,,cc8c58208e2f169bb33723a52402bb7e
164455,(#2.57),,7,,,,164254,2,57,,8b0095d4a13d359e464a09ba001fbc76
1175794,Self-Defense,,7,2007,,S4131,1175715,4,6,,7fb3bac50cec15505642f09a6d069a41
2119480,Millions in the Air,,1,1935,,M4525,,,,,1b41016367649bc639134f1a4d669fcc
102461,(#1.14),,7,1992,,,102455,1,14,,3f88767748a7f2a753e3be69a4353150
121028,Pilot,,7,2012,,P43,121014,1,1,,87bc7e4f21025df66c9c7b69931e65d3
2452128,Trupiak,,1,2012,,T612,,,,,013e2de107734d65d4e83db7b9a8bfaa
124556,Merî Abaremasu! Jamejame,,7,2003,,M6165,124518,1,41,,881cf355d9fcee95583ebe530fd0b752
2010850,Kalkoot,,1,1935,,K423,,,,,1dcfa79829bc072e8a742ebe9ea118bf
1424187,(#2.6),,7,2009,,,1424174,2,6,,4f38bbbaa9aaad4716cb63ad2b78b02c
2159195,Non sta bene rubare il tesoro,,1,1967,,N5231,,,,,5f4646317da6724777ac8d4555ccbdcf
148787,(#1.11),,7,2005,,,148784,1,11,,6a3d7f8dae32878c901f1d4003123d36
117211,The Booty Call,,7,2011,,B324,117207,2,2,,fb59cfaca54ba509bbc74e69b8b9e862
636740,Vollmond,,7,1994,,V453,636552,1,8,,4a1e9d00e113ee25228cdca13dfc6ffb
588215,(2011-06-22),,7,2011,,,588209,,,,9a0e0014ee7449a468d6282e5edb7398
147735,(#2.6),,7,2008,,,147712,2,6,,1118ac15e34449ccbda58ff5a98bf5a7
1658121,A Suburbanite's Ingenious Alarm,,1,1908,,S1615,,,,,e21355153c3e36cce1b5b03b9fa57650
1293783,(#1.5709),,7,2009,,,1289444,1,5709,,e6551ada74fac48b8642e5d0c60106b0
2369879,The Flying Legion Air Combat Challenge,,6,2004,,F4524,,,,,91cf7967dba20e278049dc0106941cf5
26131,Jessica Biel,,7,2012,,J214,26109,,,,5b3a04ac163170e91eaf589dac500964
101709,Het patroon,,7,1964,,P365,101705,1,9,,4bec7298f4fde8e299a6b6333030e104
1621309,(1997-02-16),,7,1997,,,1621289,,,,3e2bc4fb7857cebe04fb25a65cc87266
143833,Chain of Command,,7,1980,,C5125,143813,1,15,,04c615ba3f9940e3bc8e7a223417b285
82635,Love Bite,,7,1999,,L13,82608,1,17,,4a5866b26d528120c704b8dd1ca83e47
731712,House of Glass,,7,2008,,H2124,731710,1,3,,ca824648b30b6fbe3874b8de8d182918
1999946,Jews & Money,,1,2012,,J25,,,,,98db546fd1de3b46f2807eea64ffa382
157005,(1962-04-28),,7,1962,,,156990,,,,c96129bf3aee46f1781744dae2808a43
190099,Burger Quiz,,2,2001,,B6262,,,,2001-2002,d0390501fdb806b6c2b1a71ba3c0f1a4
2433385,Three Inches,,3,2011,,T652,,,,,bf1d5bc83bc0dbb3be613762522f911a
1720681,Beliyat kon,,1,1969,,B4325,,,,,cef9a5ce86bd7b4a9c5b94e6f924e829
43732,(2012-05-16),,7,2012,,,43320,,,,cb8667c33a219a388bf81b803539fad1
403484,Del 4,,7,2000,,D4,403480,1,4,,28c129d8608869e4fb687dec5ee0cd81
710626,(#2.17),,7,2011,,,710599,2,17,,47d921c2dad45ea3cb4d05c2c2fd2489
88596,(1999-11-16),,7,1999,,,87087,,,,ec999a934c7e09c64173a44e90f69462
1021061,(2013-01-26),,7,2013,,,1020992,,,,51af04a71cb65f18495be2e2b1555314
80215,(2012-06-14),,7,2012,,,79712,,,,58759c780e62dd34fc7443edb1594ae9
67779,(#2.22),,7,2006,,,67743,2,22,,b1e2bed0d81c5764c1c05980e3b4a948
2144556,Nanabik,,1,1996,,N512,,,,,eba10969499710400c66a5ef1fcaabf8
37238,Deal with the Devlins,,7,2003,,D4314,37204,2,22,,b7058bdaeb3e4692e3f9fb0240317e85
1769265,Check and Rubber Check,,1,1931,,C2536,,,,,964d14a97b85c9e85cb4cc281e26aaac
2483527,Vor Frue by Night - En lille film om tankernes holdeplads,,3,2004,,V6161,,,,,89cd4c730d6bb9650cd81849586b9851
350847,(1970-01-18),,7,1970,,,350271,,,,5459be23c65990210fed348771a775df
73578,Tricks and Treats,,7,2012,,T6253,73554,2,2,,8d438a090f0b428891de0965b93bd970
95194,(2004-03-25),,7,2004,,,94664,,,,c21b3bb7c458d37b7454ed040701ba92